event,signal,t_ms,mean_z
cold_to_hot,heat_score,-929.15251,0.3295674155265178
cold_to_hot,heat_score,-743.322008,0.3306322353037507
cold_to_hot,heat_score,-557.491506,0.32408314891556717
cold_to_hot,heat_score,-371.661004,0.2748385844907944
cold_to_hot,heat_score,-185.830502,0.2736146031564137
cold_to_hot,heat_score,0.0,0.6090028594377829
cold_to_hot,heat_score,185.830502,0.6155739899044774
cold_to_hot,heat_score,371.661004,0.5769615738387325
cold_to_hot,heat_score,557.491506,0.5397549648959935
cold_to_hot,heat_score,743.322008,0.5090263287567093
cold_to_hot,heat_score,929.15251,0.48368713730291274
cold_to_hot,access_rate,-929.15251,0.0018565298554390338
cold_to_hot,access_rate,-743.322008,-0.0008474556528119975
cold_to_hot,access_rate,-557.491506,-0.0010865017152147884
cold_to_hot,access_rate,-371.661004,-0.001335654746051267
cold_to_hot,access_rate,-185.830502,-0.0014616907761478592
cold_to_hot,access_rate,0.0,-0.0010146447813361135
cold_to_hot,access_rate,185.830502,-0.0005137448508940665
cold_to_hot,access_rate,371.661004,-0.0005318660578343971
cold_to_hot,access_rate,557.491506,-0.0006059675361522562
cold_to_hot,access_rate,743.322008,-0.000666953690973402
cold_to_hot,access_rate,929.15251,-0.0007191967006916919
cold_to_hot,interval_access_rate,-929.15251,0.16651084214943854
cold_to_hot,interval_access_rate,-743.322008,0.1772249370871957
cold_to_hot,interval_access_rate,-557.491506,0.0932553676401791
cold_to_hot,interval_access_rate,-371.661004,-0.3515222763260948
cold_to_hot,interval_access_rate,-185.830502,-0.00602017887929674
cold_to_hot,interval_access_rate,0.0,2.230622283078664
cold_to_hot,interval_access_rate,185.830502,2.579642199722055
cold_to_hot,interval_access_rate,371.661004,0.4503167510347864
cold_to_hot,interval_access_rate,557.491506,0.1619376468954291
cold_to_hot,interval_access_rate,743.322008,0.17281328316045116
cold_to_hot,interval_access_rate,929.15251,0.1772728556396592
cold_to_hot,swing_index,-929.15251,-0.006528756598381515
cold_to_hot,swing_index,-743.322008,-0.004738607473328514
cold_to_hot,swing_index,-557.491506,-0.04027315341622939
cold_to_hot,swing_index,-371.661004,-0.19089362064865825
cold_to_hot,swing_index,-185.830502,0.13269908434023694
cold_to_hot,swing_index,0.0,1.1337718604263656
cold_to_hot,swing_index,185.830502,0.12225000212777927
cold_to_hot,swing_index,371.661004,-1.039919359587193
cold_to_hot,swing_index,557.491506,-0.14150309536403308
cold_to_hot,swing_index,743.322008,-0.008465022487729002
cold_to_hot,swing_index,929.15251,-0.012640283794121309
cold_to_hot,accum_swing_index,-929.15251,-0.27483412846969985
cold_to_hot,accum_swing_index,-743.322008,-0.2733634293908144
cold_to_hot,accum_swing_index,-557.491506,-0.27513534253621197
cold_to_hot,accum_swing_index,-371.661004,-0.2906517400655418
cold_to_hot,accum_swing_index,-185.830502,-0.27663952064917585
cold_to_hot,accum_swing_index,0.0,-0.17127698222221666
cold_to_hot,accum_swing_index,185.830502,-0.158218258447222
cold_to_hot,accum_swing_index,371.661004,-0.2512103051976106
cold_to_hot,accum_swing_index,557.491506,-0.2622197002544395
cold_to_hot,accum_swing_index,743.322008,-0.26108904212695244
cold_to_hot,accum_swing_index,929.15251,-0.2603393952475519
cold_to_hot,aroon_up,-929.15251,0.13560113711254607
cold_to_hot,aroon_up,-743.322008,0.1407528548778882
cold_to_hot,aroon_up,-557.491506,0.13545078248105719
cold_to_hot,aroon_up,-371.661004,0.07823795394727605
cold_to_hot,aroon_up,-185.830502,0.06865795499532079
cold_to_hot,aroon_up,0.0,0.4253265650176142
cold_to_hot,aroon_up,185.830502,0.577281879019979
cold_to_hot,aroon_up,371.661004,0.5628322021345373
cold_to_hot,aroon_up,557.491506,0.530294411004613
cold_to_hot,aroon_up,743.322008,0.49941356395077496
cold_to_hot,aroon_up,929.15251,0.4703429237981006
cold_to_hot,aroon_down,-929.15251,0.16147734203002134
cold_to_hot,aroon_down,-743.322008,0.16610130229849956
cold_to_hot,aroon_down,-557.491506,0.1631640203247499
cold_to_hot,aroon_down,-371.661004,0.15778938530362968
cold_to_hot,aroon_down,-185.830502,0.160424582596612
cold_to_hot,aroon_down,0.0,0.15349163681330655
cold_to_hot,aroon_down,185.830502,0.15549153141276628
cold_to_hot,aroon_down,371.661004,0.1498868907671993
cold_to_hot,aroon_down,557.491506,0.15131669411542042
cold_to_hot,aroon_down,743.322008,0.1532700028619222
cold_to_hot,aroon_down,929.15251,0.1463661214116146
cold_to_hot,aroon_oscillator,-929.15251,0.12406457474621911
cold_to_hot,aroon_oscillator,-743.322008,0.12887560052576713
cold_to_hot,aroon_oscillator,-557.491506,0.12380648473695761
cold_to_hot,aroon_oscillator,-371.661004,0.06740707708230557
cold_to_hot,aroon_oscillator,-185.830502,0.05773490719277777
cold_to_hot,aroon_oscillator,0.0,0.41194497744565134
cold_to_hot,aroon_oscillator,185.830502,0.5625328462032795
cold_to_hot,aroon_oscillator,371.661004,0.5485629812879013
cold_to_hot,aroon_oscillator,557.491506,0.5161979668388819
cold_to_hot,aroon_oscillator,743.322008,0.4854425754070263
cold_to_hot,aroon_oscillator,929.15251,0.45705482244082357
cold_to_hot,avg_directional_index,-929.15251,0.14407070351390955
cold_to_hot,avg_directional_index,-743.322008,0.1472547929881991
cold_to_hot,avg_directional_index,-557.491506,0.14139446628595573
cold_to_hot,avg_directional_index,-371.661004,0.09368560726261738
cold_to_hot,avg_directional_index,-185.830502,0.09138214931330653
cold_to_hot,avg_directional_index,0.0,0.37131797295711744
cold_to_hot,avg_directional_index,185.830502,0.6807787878159012
cold_to_hot,avg_directional_index,371.661004,0.6769744809469549
cold_to_hot,avg_directional_index,557.491506,0.634358099324812
cold_to_hot,avg_directional_index,743.322008,0.5920536492476899
cold_to_hot,avg_directional_index,929.15251,0.5529384834322294
cold_to_hot,plus_directional_indicator,-929.15251,0.250366959665665
cold_to_hot,plus_directional_indicator,-743.322008,0.256706387664254
cold_to_hot,plus_directional_indicator,-557.491506,0.2371404373924915
cold_to_hot,plus_directional_indicator,-371.661004,0.11262255403520005
cold_to_hot,plus_directional_indicator,-185.830502,0.18595795018405228
cold_to_hot,plus_directional_indicator,0.0,1.057284954099341
cold_to_hot,plus_directional_indicator,185.830502,1.1251448192524227
cold_to_hot,plus_directional_indicator,371.661004,0.556631210894253
cold_to_hot,plus_directional_indicator,557.491506,0.4816747552918068
cold_to_hot,plus_directional_indicator,743.322008,0.47919766270933395
cold_to_hot,plus_directional_indicator,929.15251,0.4809432418144326
cold_to_hot,minus_directional_indicator,-929.15251,0.2513344495817363
cold_to_hot,minus_directional_indicator,-743.322008,0.2505543863440698
cold_to_hot,minus_directional_indicator,-557.491506,0.2626255659687587
cold_to_hot,minus_directional_indicator,-371.661004,0.32976072766858755
cold_to_hot,minus_directional_indicator,-185.830502,0.25368318069360907
cold_to_hot,minus_directional_indicator,0.0,-0.1100353331820465
cold_to_hot,minus_directional_indicator,185.830502,-0.17520313084386396
cold_to_hot,minus_directional_indicator,371.661004,0.39571092076222963
cold_to_hot,minus_directional_indicator,557.491506,0.4732807627321249
cold_to_hot,minus_directional_indicator,743.322008,0.4781515210694486
cold_to_hot,minus_directional_indicator,929.15251,0.4793801392634644
cold_to_hot,gopalakrishnan_range_index,-929.15251,0.28642145799466384
cold_to_hot,gopalakrishnan_range_index,-743.322008,0.2894886201513294
cold_to_hot,gopalakrishnan_range_index,-557.491506,0.28634546912820674
cold_to_hot,gopalakrishnan_range_index,-371.661004,0.24518272207822217
cold_to_hot,gopalakrishnan_range_index,-185.830502,0.23938398051625373
cold_to_hot,gopalakrishnan_range_index,0.0,0.571860867728344
cold_to_hot,gopalakrishnan_range_index,185.830502,0.579543029483873
cold_to_hot,gopalakrishnan_range_index,371.661004,0.5798563420366271
cold_to_hot,gopalakrishnan_range_index,557.491506,0.5793050200782575
cold_to_hot,gopalakrishnan_range_index,743.322008,0.5788443098647403
cold_to_hot,gopalakrishnan_range_index,929.15251,0.5784322840009224
cold_to_hot,ichimoku_tenkan,-929.15251,0.32493955963452864
cold_to_hot,ichimoku_tenkan,-743.322008,0.32599240379708244
cold_to_hot,ichimoku_tenkan,-557.491506,0.3149413907804428
cold_to_hot,ichimoku_tenkan,-371.661004,0.23187120082846052
cold_to_hot,ichimoku_tenkan,-185.830502,0.21317864713176027
cold_to_hot,ichimoku_tenkan,0.0,0.7439804238483693
cold_to_hot,ichimoku_tenkan,185.830502,0.8462049958295319
cold_to_hot,ichimoku_tenkan,371.661004,0.859440519119008
cold_to_hot,ichimoku_tenkan,557.491506,0.8606951489112523
cold_to_hot,ichimoku_tenkan,743.322008,0.8611285550613897
cold_to_hot,ichimoku_tenkan,929.15251,0.8615698409890905
cold_to_hot,ichimoku_kijun,-929.15251,0.39478212046773575
cold_to_hot,ichimoku_kijun,-743.322008,0.3963715698019159
cold_to_hot,ichimoku_kijun,-557.491506,0.3926636402649798
cold_to_hot,ichimoku_kijun,-371.661004,0.37178304005352714
cold_to_hot,ichimoku_kijun,-185.830502,0.3663635309777282
cold_to_hot,ichimoku_kijun,0.0,0.48835576299703626
cold_to_hot,ichimoku_kijun,185.830502,0.5612863625376942
cold_to_hot,ichimoku_kijun,371.661004,0.5701600686021896
cold_to_hot,ichimoku_kijun,557.491506,0.5692973973450977
cold_to_hot,ichimoku_kijun,743.322008,0.5675971370684924
cold_to_hot,ichimoku_kijun,929.15251,0.5674637891413459
cold_to_hot,ichimoku_senkou_a,-929.15251,0.4040212199153037
cold_to_hot,ichimoku_senkou_a,-743.322008,0.4055030999580208
cold_to_hot,ichimoku_senkou_a,-557.491506,0.3971742899675427
cold_to_hot,ichimoku_senkou_a,-371.661004,0.3384601899385833
cold_to_hot,ichimoku_senkou_a,-185.830502,0.32484680827237294
cold_to_hot,ichimoku_senkou_a,0.0,0.6936529208808218
cold_to_hot,ichimoku_senkou_a,185.830502,0.7922085395202462
cold_to_hot,ichimoku_senkou_a,371.661004,0.8046521739351318
cold_to_hot,ichimoku_senkou_a,557.491506,0.8048829506946396
cold_to_hot,ichimoku_senkou_a,743.322008,0.8041818134436275
cold_to_hot,ichimoku_senkou_a,929.15251,0.8043577014422476
cold_to_hot,ichimoku_senkou_b,-929.15251,0.4061730211433709
cold_to_hot,ichimoku_senkou_b,-743.322008,0.4076753131609204
cold_to_hot,ichimoku_senkou_b,-557.491506,0.40734089256170253
cold_to_hot,ichimoku_senkou_b,-371.661004,0.3967455590463533
cold_to_hot,ichimoku_senkou_b,-185.830502,0.39514713821176567
cold_to_hot,ichimoku_senkou_b,0.0,0.45401004261086964
cold_to_hot,ichimoku_senkou_b,185.830502,0.5042890991534457
cold_to_hot,ichimoku_senkou_b,371.661004,0.5106242609529075
cold_to_hot,ichimoku_senkou_b,557.491506,0.5102931107639751
cold_to_hot,ichimoku_senkou_b,743.322008,0.5108448130692759
cold_to_hot,ichimoku_senkou_b,929.15251,0.5092731938521127
cold_to_hot,ichimoku_chikou,-929.15251,0.16651084214943854
cold_to_hot,ichimoku_chikou,-743.322008,0.1772249370871957
cold_to_hot,ichimoku_chikou,-557.491506,0.0932553676401791
cold_to_hot,ichimoku_chikou,-371.661004,-0.3515222763260948
cold_to_hot,ichimoku_chikou,-185.830502,-0.00602017887929674
cold_to_hot,ichimoku_chikou,0.0,2.230622283078664
cold_to_hot,ichimoku_chikou,185.830502,2.579642199722055
cold_to_hot,ichimoku_chikou,371.661004,0.4503167510347864
cold_to_hot,ichimoku_chikou,557.491506,0.1619376468954291
cold_to_hot,ichimoku_chikou,743.322008,0.17281328316045116
cold_to_hot,ichimoku_chikou,929.15251,0.1772728556396592
cold_to_hot,linear_reg_slope,-929.15251,-0.008127936028297592
cold_to_hot,linear_reg_slope,-743.322008,-0.0061721413629376035
cold_to_hot,linear_reg_slope,-557.491506,-0.013399327811078124
cold_to_hot,linear_reg_slope,-371.661004,-0.08265750177520098
cold_to_hot,linear_reg_slope,-185.830502,-0.09464438730802602
cold_to_hot,linear_reg_slope,0.0,0.19887299101061656
cold_to_hot,linear_reg_slope,185.830502,0.5012481502697049
cold_to_hot,linear_reg_slope,371.661004,0.4875285656877261
cold_to_hot,linear_reg_slope,557.491506,0.43680780685605747
cold_to_hot,linear_reg_slope,743.322008,0.39042242996810234
cold_to_hot,linear_reg_slope,929.15251,0.3461930527937746
cold_to_hot,linear_reg_intercept,-929.15251,0.3826472406288122
cold_to_hot,linear_reg_intercept,-743.322008,0.37906848887366196
cold_to_hot,linear_reg_intercept,-557.491506,0.39019540916979667
cold_to_hot,linear_reg_intercept,-371.661004,0.4708793445566667
cold_to_hot,linear_reg_intercept,-185.830502,0.48315542722070626
cold_to_hot,linear_reg_intercept,0.0,0.13395889129788618
cold_to_hot,linear_reg_intercept,185.830502,-0.22460528738648694
cold_to_hot,linear_reg_intercept,371.661004,-0.18773945088375635
cold_to_hot,linear_reg_intercept,557.491506,-0.10142369102966962
cold_to_hot,linear_reg_intercept,743.322008,-0.017790153559427452
cold_to_hot,linear_reg_intercept,929.15251,0.06570178654038443
cold_to_hot,parabolic_sar,-929.15251,0.32064127859008584
cold_to_hot,parabolic_sar,-743.322008,0.31498239388854166
cold_to_hot,parabolic_sar,-557.491506,0.3481842115033352
cold_to_hot,parabolic_sar,-371.661004,0.5028417257759515
cold_to_hot,parabolic_sar,-185.830502,0.34114527004440354
cold_to_hot,parabolic_sar,0.0,-0.5041286382972727
cold_to_hot,parabolic_sar,185.830502,-0.726531870224059
cold_to_hot,parabolic_sar,371.661004,0.40039143714498704
cold_to_hot,parabolic_sar,557.491506,0.6028277427990553
cold_to_hot,parabolic_sar,743.322008,0.5924343305631545
cold_to_hot,parabolic_sar,929.15251,0.5697756228096003
cold_to_hot,parabolic_sar_direction,-929.15251,-0.02866540351173506
cold_to_hot,parabolic_sar_direction,-743.322008,-0.02118719040601458
cold_to_hot,parabolic_sar_direction,-557.491506,-0.07255070673722326
cold_to_hot,parabolic_sar_direction,-371.661004,-0.33891284985772985
cold_to_hot,parabolic_sar_direction,-185.830502,-0.1190927435661452
cold_to_hot,parabolic_sar_direction,0.0,1.4853283590012751
cold_to_hot,parabolic_sar_direction,185.830502,1.8063503360726405
cold_to_hot,parabolic_sar_direction,371.661004,0.20488115973026955
cold_to_hot,parabolic_sar_direction,557.491506,-0.06969717805218452
cold_to_hot,parabolic_sar_direction,743.322008,-0.07515824157014976
cold_to_hot,parabolic_sar_direction,929.15251,-0.06753243215314844
cold_to_hot,random_walk_index_high,-929.15251,0.0891413873466156
cold_to_hot,random_walk_index_high,-743.322008,0.09987034223898249
cold_to_hot,random_walk_index_high,-557.491506,0.03493271987151705
cold_to_hot,random_walk_index_high,-371.661004,-0.3371769128753614
cold_to_hot,random_walk_index_high,-185.830502,0.002280610381051312
cold_to_hot,random_walk_index_high,0.0,2.313863204759484
cold_to_hot,random_walk_index_high,185.830502,2.4735610924261953
cold_to_hot,random_walk_index_high,371.661004,0.22639607953650906
cold_to_hot,random_walk_index_high,557.491506,-0.09557655873078813
cold_to_hot,random_walk_index_high,743.322008,-0.0785825542431614
cold_to_hot,random_walk_index_high,929.15251,-0.032496528501507096
cold_to_hot,random_walk_index_low,-929.15251,0.12805016433648747
cold_to_hot,random_walk_index_low,-743.322008,0.12477207879452751
cold_to_hot,random_walk_index_low,-557.491506,0.161195601188858
cold_to_hot,random_walk_index_low,-371.661004,0.37479753263388077
cold_to_hot,random_walk_index_low,-185.830502,0.27152718290994177
cold_to_hot,random_walk_index_low,0.0,-0.9081118354803475
cold_to_hot,random_walk_index_low,185.830502,-0.980644699308281
cold_to_hot,random_walk_index_low,371.661004,0.25163703474505483
cold_to_hot,random_walk_index_low,557.491506,0.6387695506802294
cold_to_hot,random_walk_index_low,743.322008,0.7548260182829534
cold_to_hot,random_walk_index_low,929.15251,0.8086355955461804
cold_to_hot,range_action_verification_index,-929.15251,-0.09534374990778452
cold_to_hot,range_action_verification_index,-743.322008,-0.09305529422938272
cold_to_hot,range_action_verification_index,-557.491506,-0.0973196284984207
cold_to_hot,range_action_verification_index,-371.661004,-0.10887007954223675
cold_to_hot,range_action_verification_index,-185.830502,-0.12143251427106731
cold_to_hot,range_action_verification_index,0.0,-0.16496284992953084
cold_to_hot,range_action_verification_index,185.830502,0.38734761391945166
cold_to_hot,range_action_verification_index,371.661004,0.4455005671109148
cold_to_hot,range_action_verification_index,557.491506,0.4419446024861546
cold_to_hot,range_action_verification_index,743.322008,0.46190708273613673
cold_to_hot,range_action_verification_index,929.15251,0.6004297809284277
cold_to_hot,schaff_trend_cycle,-929.15251,0.06678576550575124
cold_to_hot,schaff_trend_cycle,-743.322008,0.06746892233207163
cold_to_hot,schaff_trend_cycle,-557.491506,0.05533022710027954
cold_to_hot,schaff_trend_cycle,-371.661004,-0.04308639929310289
cold_to_hot,schaff_trend_cycle,-185.830502,-0.11934086235035712
cold_to_hot,schaff_trend_cycle,0.0,0.3601083315705278
cold_to_hot,schaff_trend_cycle,185.830502,0.8108669080479897
cold_to_hot,schaff_trend_cycle,371.661004,1.0286702764804057
cold_to_hot,schaff_trend_cycle,557.491506,1.0207064768997123
cold_to_hot,schaff_trend_cycle,743.322008,0.858340361796831
cold_to_hot,schaff_trend_cycle,929.15251,0.6261618005188606
cold_to_hot,schaff_trend_cycle_signal,-929.15251,0.07365407435733515
cold_to_hot,schaff_trend_cycle_signal,-743.322008,0.07410579723396796
cold_to_hot,schaff_trend_cycle_signal,-557.491506,0.06774216816759236
cold_to_hot,schaff_trend_cycle_signal,-371.661004,0.011134971228884566
cold_to_hot,schaff_trend_cycle_signal,-185.830502,-0.058563310581726445
cold_to_hot,schaff_trend_cycle_signal,0.0,0.166856183451495
cold_to_hot,schaff_trend_cycle_signal,185.830502,0.524259895026572
cold_to_hot,schaff_trend_cycle_signal,371.661004,0.82119614856447
cold_to_hot,schaff_trend_cycle_signal,557.491506,0.9653411223138509
cold_to_hot,schaff_trend_cycle_signal,743.322008,0.9492732938103264
cold_to_hot,schaff_trend_cycle_signal,929.15251,0.8152014133697515
cold_to_hot,supertrend_direction,-929.15251,0.07095903484331595
cold_to_hot,supertrend_direction,-743.322008,0.07883424899760753
cold_to_hot,supertrend_direction,-557.491506,0.03842903092189704
cold_to_hot,supertrend_direction,-371.661004,-0.18740168405942437
cold_to_hot,supertrend_direction,-185.830502,0.015519317018503629
cold_to_hot,supertrend_direction,0.0,1.4865287790777801
cold_to_hot,supertrend_direction,185.830502,1.6161565938789364
cold_to_hot,supertrend_direction,371.661004,0.16116603333782306
cold_to_hot,supertrend_direction,557.491506,-0.03736990531317449
cold_to_hot,supertrend_direction,743.322008,-0.0391597267118788
cold_to_hot,supertrend_direction,929.15251,-0.02837605278469589
cold_to_hot,supertrend,-929.15251,0.24629470752060087
cold_to_hot,supertrend,-743.322008,0.2416628942451054
cold_to_hot,supertrend,-557.491506,0.24482460370793707
cold_to_hot,supertrend,-371.661004,0.24089296715649267
cold_to_hot,supertrend,-185.830502,0.14632445674026515
cold_to_hot,supertrend,0.0,0.23408118846455808
cold_to_hot,supertrend,185.830502,0.27556953380657245
cold_to_hot,supertrend,371.661004,0.7078706979549803
cold_to_hot,supertrend,557.491506,0.7537808700468218
cold_to_hot,supertrend,743.322008,0.730543347956037
cold_to_hot,supertrend,929.15251,0.7144232553788228
cold_to_hot,system_quality_number,-929.15251,0.0007898520197012397
cold_to_hot,system_quality_number,-743.322008,0.0033358776234348165
cold_to_hot,system_quality_number,-557.491506,-0.024914768861363075
cold_to_hot,system_quality_number,-371.661004,-0.18703792364670613
cold_to_hot,system_quality_number,-185.830502,-0.054972510456481646
cold_to_hot,system_quality_number,0.0,0.8815848230459417
cold_to_hot,system_quality_number,185.830502,1.0188115925941763
cold_to_hot,system_quality_number,371.661004,0.1157127305154107
cold_to_hot,system_quality_number,557.491506,-0.0012735605129528317
cold_to_hot,system_quality_number,743.322008,0.0012171772969358503
cold_to_hot,system_quality_number,929.15251,0.0037657431593066146
cold_to_hot,triple_exp_rate_of_change,-929.15251,-0.002373138904211175
cold_to_hot,triple_exp_rate_of_change,-743.322008,-0.0023731537160044404
cold_to_hot,triple_exp_rate_of_change,-557.491506,-0.0023731537113212227
cold_to_hot,triple_exp_rate_of_change,-371.661004,-0.0023731537910656707
cold_to_hot,triple_exp_rate_of_change,-185.830502,-0.002373153855768104
cold_to_hot,triple_exp_rate_of_change,0.0,0.0077709981365396705
cold_to_hot,triple_exp_rate_of_change,185.830502,-0.002373152742285315
cold_to_hot,triple_exp_rate_of_change,371.661004,-0.0023731526768847756
cold_to_hot,triple_exp_rate_of_change,557.491506,-0.0023731526508480425
cold_to_hot,triple_exp_rate_of_change,743.322008,-0.00237315270063553
cold_to_hot,triple_exp_rate_of_change,929.15251,-0.0023731527969052075
cold_to_hot,vertical_horizontal_filter,-929.15251,-0.06915424304113127
cold_to_hot,vertical_horizontal_filter,-743.322008,-0.06926524873598638
cold_to_hot,vertical_horizontal_filter,-557.491506,-0.06942262136776323
cold_to_hot,vertical_horizontal_filter,-371.661004,-0.06547646606891425
cold_to_hot,vertical_horizontal_filter,-185.830502,-0.03726619041604694
cold_to_hot,vertical_horizontal_filter,0.0,-0.038516487505205366
cold_to_hot,vertical_horizontal_filter,185.830502,0.0023448974139157488
cold_to_hot,vertical_horizontal_filter,371.661004,-0.18561024552499392
cold_to_hot,vertical_horizontal_filter,557.491506,-0.20842528486127843
cold_to_hot,vertical_horizontal_filter,743.322008,-0.2115651095454465
cold_to_hot,vertical_horizontal_filter,929.15251,-0.21380537838692393
cold_to_hot,inter_access_interval_ms,-929.15251,-0.31043385905642135
cold_to_hot,inter_access_interval_ms,-743.322008,-0.3102500576481205
cold_to_hot,inter_access_interval_ms,-557.491506,-0.31126496763071493
cold_to_hot,inter_access_interval_ms,-371.661004,-0.31126496763071493
cold_to_hot,inter_access_interval_ms,-185.830502,-0.3095333227241933
cold_to_hot,inter_access_interval_ms,0.0,-0.3000155711985963
cold_to_hot,inter_access_interval_ms,185.830502,-0.38075361798406704
cold_to_hot,inter_access_interval_ms,371.661004,-0.3939480510825768
cold_to_hot,inter_access_interval_ms,557.491506,-0.39970283373275556
cold_to_hot,inter_access_interval_ms,743.322008,-0.4041350518983908
cold_to_hot,inter_access_interval_ms,929.15251,-0.40722634271527597
cold_to_hot,inter_access_variance_ms2,-929.15251,0.3607336112141109
cold_to_hot,inter_access_variance_ms2,-743.322008,0.36057928522837046
cold_to_hot,inter_access_variance_ms2,-557.491506,0.36137611702427475
cold_to_hot,inter_access_variance_ms2,-371.661004,0.3593638478224665
cold_to_hot,inter_access_variance_ms2,-185.830502,0.36077769192284814
cold_to_hot,inter_access_variance_ms2,0.0,0.3788464738469818
cold_to_hot,inter_access_variance_ms2,185.830502,0.39474535029434
cold_to_hot,inter_access_variance_ms2,371.661004,0.39699700363854973
cold_to_hot,inter_access_variance_ms2,557.491506,0.398220963796505
cold_to_hot,inter_access_variance_ms2,743.322008,0.399825670997408
cold_to_hot,inter_access_variance_ms2,929.15251,0.4003724288859091
cold_to_hot,recency_weighted_frequency,-929.15251,0.5322481565109632
cold_to_hot,recency_weighted_frequency,-743.322008,0.5365833130691923
cold_to_hot,recency_weighted_frequency,-557.491506,0.5124344171440651
cold_to_hot,recency_weighted_frequency,-371.661004,0.3478632530122173
cold_to_hot,recency_weighted_frequency,-185.830502,0.3109682219606912
cold_to_hot,recency_weighted_frequency,0.0,0.9956071658953153
cold_to_hot,recency_weighted_frequency,185.830502,1.7217750510879573
cold_to_hot,recency_weighted_frequency,371.661004,1.6922812918084402
cold_to_hot,recency_weighted_frequency,557.491506,1.573581262014047
cold_to_hot,recency_weighted_frequency,743.322008,1.4704698192008672
cold_to_hot,recency_weighted_frequency,929.15251,1.379351737257934
hot_to_cold,heat_score,-929.15251,0.33048653104859277
hot_to_cold,heat_score,-743.322008,0.33039559187996376
hot_to_cold,heat_score,-557.491506,0.36009282768310635
hot_to_cold,heat_score,-371.661004,0.6152528081173828
hot_to_cold,heat_score,-185.830502,0.6093439947032557
hot_to_cold,heat_score,0.0,0.5690403209677417
hot_to_cold,heat_score,185.830502,0.516674348020253
hot_to_cold,heat_score,371.661004,0.48884078003292714
hot_to_cold,heat_score,557.491506,0.4677300147518332
hot_to_cold,heat_score,743.322008,0.4489902858284495
hot_to_cold,heat_score,929.15251,0.4326616605387345
hot_to_cold,access_rate,-929.15251,0.002856448342146265
hot_to_cold,access_rate,-743.322008,-0.0008764363344057186
hot_to_cold,access_rate,-557.491506,-0.0010301512779753146
hot_to_cold,access_rate,-371.661004,-0.0005277500640552427
hot_to_cold,access_rate,-185.830502,-0.00011888112678755173
hot_to_cold,access_rate,0.0,-0.0002681520812877287
hot_to_cold,access_rate,185.830502,-0.000467033155766105
hot_to_cold,access_rate,371.661004,-0.0005561071531571564
hot_to_cold,access_rate,557.491506,-0.0006190579847998013
hot_to_cold,access_rate,743.322008,-0.0006784081922474271
hot_to_cold,access_rate,929.15251,-0.0007308589259397688
hot_to_cold,interval_access_rate,-929.15251,0.1618828955464067
hot_to_cold,interval_access_rate,-743.322008,0.17376294109295162
hot_to_cold,interval_access_rate,-557.491506,0.4492868554304323
hot_to_cold,interval_access_rate,-371.661004,2.5746260803440357
hot_to_cold,interval_access_rate,-185.830502,2.232712737365214
hot_to_cold,interval_access_rate,0.0,-0.0001198232246429974
hot_to_cold,interval_access_rate,185.830502,-0.3515222763260957
hot_to_cold,interval_access_rate,371.661004,0.10469822678188084
hot_to_cold,interval_access_rate,557.491506,0.17725287863872818
hot_to_cold,interval_access_rate,743.322008,0.168552973706215
hot_to_cold,interval_access_rate,929.15251,0.16412866669420575
hot_to_cold,swing_index,-929.15251,-0.016150946157845486
hot_to_cold,swing_index,-743.322008,-0.005025406685222735
hot_to_cold,swing_index,-557.491506,0.11551621391146905
hot_to_cold,swing_index,-371.661004,1.0658037578939046
hot_to_cold,swing_index,-185.830502,-0.1552857877966372
hot_to_cold,swing_index,0.0,-1.0636666454549288
hot_to_cold,swing_index,185.830502,-0.14977797025249812
hot_to_cold,swing_index,371.661004,0.15048585566697104
hot_to_cold,swing_index,557.491506,0.009887269361899084
hot_to_cold,swing_index,743.322008,-0.01644469213216756
hot_to_cold,swing_index,929.15251,-0.012068584827400851
hot_to_cold,accum_swing_index,-929.15251,-0.27406763799644085
hot_to_cold,accum_swing_index,-743.322008,-0.2726231074489954
hot_to_cold,accum_swing_index,-557.491506,-0.26017886246906496
hot_to_cold,accum_swing_index,-371.661004,-0.16101858398820063
hot_to_cold,accum_swing_index,-185.830502,-0.173285674300708
hot_to_cold,accum_swing_index,0.0,-0.2684447204681229
hot_to_cold,accum_swing_index,185.830502,-0.28020921284885614
hot_to_cold,accum_swing_index,371.661004,-0.264573906524396
hot_to_cold,accum_swing_index,557.491506,-0.26176856028514933
hot_to_cold,accum_swing_index,743.322008,-0.2613660697072293
hot_to_cold,accum_swing_index,929.15251,-0.2605642443626442
hot_to_cold,aroon_up,-929.15251,0.1393388217095665
hot_to_cold,aroon_up,-743.322008,0.14144260673945808
hot_to_cold,aroon_up,-557.491506,0.17643624834897975
hot_to_cold,aroon_up,-371.661004,0.49713182039101983
hot_to_cold,aroon_up,-185.830502,0.6103093048000983
hot_to_cold,aroon_up,0.0,0.570862615014422
hot_to_cold,aroon_up,185.830502,0.5114272200967149
hot_to_cold,aroon_up,371.661004,0.4761419275763201
hot_to_cold,aroon_up,557.491506,0.44769915689528555
hot_to_cold,aroon_up,743.322008,0.4150552270199786
hot_to_cold,aroon_up,929.15251,0.37975293659431547
hot_to_cold,aroon_down,-929.15251,0.16248197885095758
hot_to_cold,aroon_down,-743.322008,0.1576976348717189
hot_to_cold,aroon_down,-557.491506,0.15643097697223238
hot_to_cold,aroon_down,-371.661004,0.1619716063401387
hot_to_cold,aroon_down,-185.830502,0.15514866510689426
hot_to_cold,aroon_down,0.0,0.15260740223366595
hot_to_cold,aroon_down,185.830502,0.1481385911992303
hot_to_cold,aroon_down,371.661004,0.1553936280738175
hot_to_cold,aroon_down,557.491506,0.14019766135210235
hot_to_cold,aroon_down,743.322008,0.14696030903108714
hot_to_cold,aroon_down,929.15251,0.1496629851735354
hot_to_cold,aroon_oscillator,-929.15251,0.12770690157589873
hot_to_cold,aroon_oscillator,-743.322008,0.13010261609886006
hot_to_cold,aroon_oscillator,-557.491506,0.16489292937277764
hot_to_cold,aroon_oscillator,-371.661004,0.4826172941347294
hot_to_cold,aroon_oscillator,-185.830502,0.5953132882455056
hot_to_cold,aroon_oscillator,0.0,0.5563522084972494
hot_to_cold,aroon_oscillator,185.830502,0.49768982873841927
hot_to_cold,aroon_oscillator,371.661004,0.46222338662974755
hot_to_cold,aroon_oscillator,557.491506,0.4349940626539835
hot_to_cold,aroon_oscillator,743.322008,0.4021792680481464
hot_to_cold,aroon_oscillator,929.15251,0.3669900527746856
hot_to_cold,avg_directional_index,-929.15251,0.14240430080473607
hot_to_cold,avg_directional_index,-743.322008,0.14338754442647392
hot_to_cold,avg_directional_index,-557.491506,0.17341003655896878
hot_to_cold,avg_directional_index,-371.661004,0.46898533739576925
hot_to_cold,avg_directional_index,-185.830502,0.7329106780562434
hot_to_cold,avg_directional_index,0.0,0.6756666281468587
hot_to_cold,avg_directional_index,185.830502,0.599688490310793
hot_to_cold,avg_directional_index,371.661004,0.5538445359817933
hot_to_cold,avg_directional_index,557.491506,0.5132018335227331
hot_to_cold,avg_directional_index,743.322008,0.4723709488486017
hot_to_cold,avg_directional_index,929.15251,0.4327150136593289
hot_to_cold,plus_directional_indicator,-929.15251,0.25085472147686544
hot_to_cold,plus_directional_indicator,-743.322008,0.2561489965209971
hot_to_cold,plus_directional_indicator,-557.491506,0.3405900601400232
hot_to_cold,plus_directional_indicator,-371.661004,1.0952915536481522
hot_to_cold,plus_directional_indicator,-185.830502,1.0368046397399961
hot_to_cold,plus_directional_indicator,0.0,0.45457879567565823
hot_to_cold,plus_directional_indicator,185.830502,0.40629037455627903
hot_to_cold,plus_directional_indicator,371.661004,0.46840064306414214
hot_to_cold,plus_directional_indicator,557.491506,0.47786248490497596
hot_to_cold,plus_directional_indicator,743.322008,0.4784970779478293
hot_to_cold,plus_directional_indicator,929.15251,0.47996478748349125
hot_to_cold,minus_directional_indicator,-929.15251,0.25342832618865957
hot_to_cold,minus_directional_indicator,-743.322008,0.2520738085262941
hot_to_cold,minus_directional_indicator,-557.491506,0.21134848269050246
hot_to_cold,minus_directional_indicator,-371.661004,-0.1519126305223301
hot_to_cold,minus_directional_indicator,-185.830502,-0.09094952073715429
hot_to_cold,minus_directional_indicator,0.0,0.4937444465756213
hot_to_cold,minus_directional_indicator,185.830502,0.5446992929532714
hot_to_cold,minus_directional_indicator,371.661004,0.4850870540785833
hot_to_cold,minus_directional_indicator,557.491506,0.47820653479743175
hot_to_cold,minus_directional_indicator,743.322008,0.48047948046955996
hot_to_cold,minus_directional_indicator,929.15251,0.48114361043147175
hot_to_cold,gopalakrishnan_range_index,-929.15251,0.28865383635770236
hot_to_cold,gopalakrishnan_range_index,-743.322008,0.2903087987220197
hot_to_cold,gopalakrishnan_range_index,-557.491506,0.31926611503096497
hot_to_cold,gopalakrishnan_range_index,-371.661004,0.5797871551047632
hot_to_cold,gopalakrishnan_range_index,-185.830502,0.58501445703183
hot_to_cold,gopalakrishnan_range_index,0.0,0.5832687040038237
hot_to_cold,gopalakrishnan_range_index,185.830502,0.5807190830183245
hot_to_cold,gopalakrishnan_range_index,371.661004,0.5798464765920016
hot_to_cold,gopalakrishnan_range_index,557.491506,0.5793970768657878
hot_to_cold,gopalakrishnan_range_index,743.322008,0.579133126086287
hot_to_cold,gopalakrishnan_range_index,929.15251,0.5790095587772719
hot_to_cold,ichimoku_tenkan,-929.15251,0.32602930853212386
hot_to_cold,ichimoku_tenkan,-743.322008,0.3266826745010954
hot_to_cold,ichimoku_tenkan,-557.491506,0.37720476200903147
hot_to_cold,ichimoku_tenkan,-371.661004,0.8104539263446959
hot_to_cold,ichimoku_tenkan,-185.830502,0.8929415743365182
hot_to_cold,ichimoku_tenkan,0.0,0.8854873830366787
hot_to_cold,ichimoku_tenkan,185.830502,0.8651312747935224
hot_to_cold,ichimoku_tenkan,371.661004,0.8624029496550419
hot_to_cold,ichimoku_tenkan,557.491506,0.8640555063353197
hot_to_cold,ichimoku_tenkan,743.322008,0.8651675235587822
hot_to_cold,ichimoku_tenkan,929.15251,0.8653926137653104
hot_to_cold,ichimoku_kijun,-929.15251,0.3922435553098001
hot_to_cold,ichimoku_kijun,-743.322008,0.39477031023016745
hot_to_cold,ichimoku_kijun,-557.491506,0.408375566699822
hot_to_cold,ichimoku_kijun,-371.661004,0.5289948222934051
hot_to_cold,ichimoku_kijun,-185.830502,0.5908237479244163
hot_to_cold,ichimoku_kijun,0.0,0.5853218435913083
hot_to_cold,ichimoku_kijun,185.830502,0.5714200576778111
hot_to_cold,ichimoku_kijun,371.661004,0.5693472103635513
hot_to_cold,ichimoku_kijun,557.491506,0.5685866435752409
hot_to_cold,ichimoku_kijun,743.322008,0.5698334947658495
hot_to_cold,ichimoku_kijun,929.15251,0.5717907959213805
hot_to_cold,ichimoku_senkou_a,-929.15251,0.4032253214330411
hot_to_cold,ichimoku_senkou_a,-743.322008,0.40500270455850307
hot_to_cold,ichimoku_senkou_a,-557.491506,0.4412162584383707
hot_to_cold,ichimoku_senkou_a,-371.661004,0.7539621017296018
hot_to_cold,ichimoku_senkou_a,-185.830502,0.8351482332477183
hot_to_cold,ichimoku_senkou_a,0.0,0.8278592115223554
hot_to_cold,ichimoku_senkou_a,185.830502,0.8085795007287481
hot_to_cold,ichimoku_senkou_a,371.661004,0.8058787260814161
hot_to_cold,ichimoku_senkou_a,557.491506,0.8063919237795989
hot_to_cold,ichimoku_senkou_a,743.322008,0.8077165585390461
hot_to_cold,ichimoku_senkou_a,929.15251,0.8089340748022095
hot_to_cold,ichimoku_senkou_b,-929.15251,0.4067203301796144
hot_to_cold,ichimoku_senkou_b,-743.322008,0.4083698740873277
hot_to_cold,ichimoku_senkou_b,-557.491506,0.41617050883601425
hot_to_cold,ichimoku_senkou_b,-371.661004,0.47927855406289666
hot_to_cold,ichimoku_senkou_b,-185.830502,0.5225942073787005
hot_to_cold,ichimoku_senkou_b,0.0,0.5198953804566326
hot_to_cold,ichimoku_senkou_b,185.830502,0.510835578003562
hot_to_cold,ichimoku_senkou_b,371.661004,0.5107857732010569
hot_to_cold,ichimoku_senkou_b,557.491506,0.509796790775977
hot_to_cold,ichimoku_senkou_b,743.322008,0.5100302724158855
hot_to_cold,ichimoku_senkou_b,929.15251,0.5108784123800414
hot_to_cold,ichimoku_chikou,-929.15251,0.1618828955464067
hot_to_cold,ichimoku_chikou,-743.322008,0.17376294109295162
hot_to_cold,ichimoku_chikou,-557.491506,0.4492868554304323
hot_to_cold,ichimoku_chikou,-371.661004,2.5746260803440357
hot_to_cold,ichimoku_chikou,-185.830502,2.232712737365214
hot_to_cold,ichimoku_chikou,0.0,-0.0001198232246429974
hot_to_cold,ichimoku_chikou,185.830502,-0.3515222763260957
hot_to_cold,ichimoku_chikou,371.661004,0.10469822678188084
hot_to_cold,ichimoku_chikou,557.491506,0.17725287863872818
hot_to_cold,ichimoku_chikou,743.322008,0.168552973706215
hot_to_cold,ichimoku_chikou,929.15251,0.16412866669420575
hot_to_cold,linear_reg_slope,-929.15251,-0.0010064747948484154
hot_to_cold,linear_reg_slope,-743.322008,-0.00094428885844328
hot_to_cold,linear_reg_slope,-557.491506,0.04540722610441853
hot_to_cold,linear_reg_slope,-371.661004,0.38691021387400204
hot_to_cold,linear_reg_slope,-185.830502,0.6183655494771885
hot_to_cold,linear_reg_slope,0.0,0.5213949010612547
hot_to_cold,linear_reg_slope,185.830502,0.3925759810678704
hot_to_cold,linear_reg_slope,371.661004,0.33682834115893545
hot_to_cold,linear_reg_slope,557.491506,0.29194236045810973
hot_to_cold,linear_reg_slope,743.322008,0.24746969635353736
hot_to_cold,linear_reg_slope,929.15251,0.2034046707470829
hot_to_cold,linear_reg_intercept,-929.15251,0.3766173257575834
hot_to_cold,linear_reg_intercept,-743.322008,0.37524985956331963
hot_to_cold,linear_reg_intercept,-557.491506,0.3312588133661443
hot_to_cold,linear_reg_intercept,-371.661004,-0.052232302581791415
hot_to_cold,linear_reg_intercept,-185.830502,-0.32402476690228094
hot_to_cold,linear_reg_intercept,0.0,-0.19197271055503065
hot_to_cold,linear_reg_intercept,185.830502,-0.009362000236409497
hot_to_cold,linear_reg_intercept,371.661004,0.08477638319719714
hot_to_cold,linear_reg_intercept,557.491506,0.1703938745010081
hot_to_cold,linear_reg_intercept,743.322008,0.25543415995678453
hot_to_cold,linear_reg_intercept,929.15251,0.34039685628950483
hot_to_cold,parabolic_sar,-929.15251,0.3210620345694775
hot_to_cold,parabolic_sar,-743.322008,0.31541073023232646
hot_to_cold,parabolic_sar,-557.491506,0.21263554610984584
hot_to_cold,parabolic_sar,-371.661004,-0.668952796709419
hot_to_cold,parabolic_sar,-185.830502,-0.5824232765598174
hot_to_cold,parabolic_sar,0.0,0.745275479480944
hot_to_cold,parabolic_sar,185.830502,0.8207486981581786
hot_to_cold,parabolic_sar,371.661004,0.6253072914239814
hot_to_cold,parabolic_sar,557.491506,0.5646882418793276
hot_to_cold,parabolic_sar,743.322008,0.5487084874544853
hot_to_cold,parabolic_sar,929.15251,0.5322567600152963
hot_to_cold,parabolic_sar_direction,-929.15251,-0.031095245294326338
hot_to_cold,parabolic_sar_direction,-743.322008,-0.022639985285055914
hot_to_cold,parabolic_sar_direction,-557.491506,0.15762419177302164
hot_to_cold,parabolic_sar_direction,-371.661004,1.7368406324580283
hot_to_cold,parabolic_sar_direction,-185.830502,1.628544482455365
hot_to_cold,parabolic_sar_direction,0.0,-0.17994714824828748
hot_to_cold,parabolic_sar_direction,185.830502,-0.35460725762558615
hot_to_cold,parabolic_sar_direction,371.661004,-0.12321825260447065
hot_to_cold,parabolic_sar_direction,557.491506,-0.07229005859518277
hot_to_cold,parabolic_sar_direction,743.322008,-0.07617357918083897
hot_to_cold,parabolic_sar_direction,929.15251,-0.07351902080583748
hot_to_cold,random_walk_index_high,-929.15251,0.0844972959223057
hot_to_cold,random_walk_index_high,-743.322008,0.09161553330421927
hot_to_cold,random_walk_index_high,-557.491506,0.3385863753835741
hot_to_cold,random_walk_index_high,-371.661004,2.3562123045857484
hot_to_cold,random_walk_index_high,-185.830502,2.0769901051789197
hot_to_cold,random_walk_index_high,0.0,-0.20490151349165717
hot_to_cold,random_walk_index_high,185.830502,-0.33717691287536133
hot_to_cold,random_walk_index_high,371.661004,-0.07552115679531271
hot_to_cold,random_walk_index_high,557.491506,0.016205255772260292
hot_to_cold,random_walk_index_high,743.322008,0.02615729301066202
hot_to_cold,random_walk_index_high,929.15251,0.033407800090023226
hot_to_cold,random_walk_index_low,-929.15251,0.12940863295623176
hot_to_cold,random_walk_index_low,-743.322008,0.1298462065027603
hot_to_cold,random_walk_index_low,-557.491506,0.001253648047973123
hot_to_cold,random_walk_index_low,-371.661004,-0.9766479288563591
hot_to_cold,random_walk_index_low,-185.830502,-0.7161346207917814
hot_to_cold,random_walk_index_low,0.0,0.4704562767546666
hot_to_cold,random_walk_index_low,185.830502,0.8933610608034995
hot_to_cold,random_walk_index_low,371.661004,0.8560396789229772
hot_to_cold,random_walk_index_low,557.491506,0.8544529645427841
hot_to_cold,random_walk_index_low,743.322008,0.8759084554675295
hot_to_cold,random_walk_index_low,929.15251,0.8850423853506237
hot_to_cold,range_action_verification_index,-929.15251,-0.09703756865763626
hot_to_cold,range_action_verification_index,-743.322008,-0.09645506096993911
hot_to_cold,range_action_verification_index,-557.491506,-0.08714459752170955
hot_to_cold,range_action_verification_index,-371.661004,0.08016206679563373
hot_to_cold,range_action_verification_index,-185.830502,0.5673218755372431
hot_to_cold,range_action_verification_index,0.0,0.543531099739505
hot_to_cold,range_action_verification_index,185.830502,0.45172071895928734
hot_to_cold,range_action_verification_index,371.661004,0.447077583616683
hot_to_cold,range_action_verification_index,557.491506,0.4468476067539459
hot_to_cold,range_action_verification_index,743.322008,0.36122119337465725
hot_to_cold,range_action_verification_index,929.15251,-0.37078875825427887
hot_to_cold,schaff_trend_cycle,-929.15251,0.06803932286631681
hot_to_cold,schaff_trend_cycle,-743.322008,0.0679953193504256
hot_to_cold,schaff_trend_cycle,-557.491506,0.11902346206580662
hot_to_cold,schaff_trend_cycle,-371.661004,0.5793601033562217
hot_to_cold,schaff_trend_cycle,-185.830502,0.9438568782852336
hot_to_cold,schaff_trend_cycle,0.0,1.0698615430738596
hot_to_cold,schaff_trend_cycle,185.830502,0.9345004126132671
hot_to_cold,schaff_trend_cycle,371.661004,0.6795867912812368
hot_to_cold,schaff_trend_cycle,557.491506,0.41058996687008753
hot_to_cold,schaff_trend_cycle,743.322008,0.17102766508667044
hot_to_cold,schaff_trend_cycle,929.15251,-0.029419761720919358
hot_to_cold,schaff_trend_cycle_signal,-929.15251,0.07439452785354024
hot_to_cold,schaff_trend_cycle_signal,-743.322008,0.07476177307382113
hot_to_cold,schaff_trend_cycle_signal,-557.491506,0.10264598929314016
hot_to_cold,schaff_trend_cycle_signal,-371.661004,0.3664814950487433
hot_to_cold,schaff_trend_cycle_signal,-185.830502,0.6962660592978014
hot_to_cold,schaff_trend_cycle_signal,0.0,0.9295598705137824
hot_to_cold,schaff_trend_cycle_signal,185.830502,0.9727260908451284
hot_to_cold,schaff_trend_cycle_signal,371.661004,0.8559295385949927
hot_to_cold,schaff_trend_cycle_signal,557.491506,0.6515065197293755
hot_to_cold,schaff_trend_cycle_signal,743.322008,0.4192488028373394
hot_to_cold,schaff_trend_cycle_signal,929.15251,0.19430720678699537
hot_to_cold,supertrend_direction,-929.15251,0.0707057738158628
hot_to_cold,supertrend_direction,-743.322008,0.07799332436822107
hot_to_cold,supertrend_direction,-557.491506,0.23067421477485617
hot_to_cold,supertrend_direction,-371.661004,1.5792734470537375
hot_to_cold,supertrend_direction,-185.830502,1.4002143061812298
hot_to_cold,supertrend_direction,0.0,-0.10924754503839235
hot_to_cold,supertrend_direction,185.830502,-0.21400049561616497
hot_to_cold,supertrend_direction,371.661004,-0.05318258557424031
hot_to_cold,supertrend_direction,557.491506,-0.015805945931474545
hot_to_cold,supertrend_direction,743.322008,-0.008205433085451177
hot_to_cold,supertrend_direction,929.15251,0.002211740403508295
hot_to_cold,supertrend,-929.15251,0.24170418017792955
hot_to_cold,supertrend,-743.322008,0.23894869674616886
hot_to_cold,supertrend,-557.491506,0.2373301457248996
hot_to_cold,supertrend,-371.661004,0.23498750171684746
hot_to_cold,supertrend,-185.830502,0.37337211216279564
hot_to_cold,supertrend,0.0,0.8600075346568139
hot_to_cold,supertrend,185.830502,0.8627599352103436
hot_to_cold,supertrend,371.661004,0.7301088174425406
hot_to_cold,supertrend,557.491506,0.6948030728091522
hot_to_cold,supertrend,743.322008,0.6854757281559398
hot_to_cold,supertrend,929.15251,0.6770954550098841
hot_to_cold,system_quality_number,-929.15251,-0.001201764938598584
hot_to_cold,system_quality_number,-743.322008,0.004171300192465074
hot_to_cold,system_quality_number,-557.491506,0.11237778143697986
hot_to_cold,system_quality_number,-371.661004,1.0135263261055019
hot_to_cold,system_quality_number,-185.830502,0.8876061033899755
hot_to_cold,system_quality_number,0.0,-0.05405198809423817
hot_to_cold,system_quality_number,185.830502,-0.1791662943723714
hot_to_cold,system_quality_number,371.661004,-0.019214109741841776
hot_to_cold,system_quality_number,557.491506,0.0020880677560138755
hot_to_cold,system_quality_number,743.322008,0.0026205833813473366
hot_to_cold,system_quality_number,929.15251,-0.0015074361283378445
hot_to_cold,triple_exp_rate_of_change,-929.15251,-0.002373153704557602
hot_to_cold,triple_exp_rate_of_change,-743.322008,-0.002373153718568853
hot_to_cold,triple_exp_rate_of_change,-557.491506,-0.00237315144573943
hot_to_cold,triple_exp_rate_of_change,-371.661004,0.007762690537736544
hot_to_cold,triple_exp_rate_of_change,-185.830502,-0.0023731525318021513
hot_to_cold,triple_exp_rate_of_change,0.0,-0.0023731525551267505
hot_to_cold,triple_exp_rate_of_change,185.830502,-0.002373152632895236
hot_to_cold,triple_exp_rate_of_change,371.661004,-0.0023731527440684296
hot_to_cold,triple_exp_rate_of_change,557.491506,-0.0023731528709070616
hot_to_cold,triple_exp_rate_of_change,743.322008,-0.002373153002987681
hot_to_cold,triple_exp_rate_of_change,929.15251,-0.0023731531319662893
hot_to_cold,vertical_horizontal_filter,-929.15251,-0.07199905789080283
hot_to_cold,vertical_horizontal_filter,-743.322008,-0.07151687973855254
hot_to_cold,vertical_horizontal_filter,-557.491506,-0.07140835096817891
hot_to_cold,vertical_horizontal_filter,-371.661004,-0.0405189809659556
hot_to_cold,vertical_horizontal_filter,-185.830502,-0.017047930098735484
hot_to_cold,vertical_horizontal_filter,0.0,-0.2427814010129216
hot_to_cold,vertical_horizontal_filter,185.830502,-0.22598504561528165
hot_to_cold,vertical_horizontal_filter,371.661004,-0.21311092375969576
hot_to_cold,vertical_horizontal_filter,557.491506,-0.2133571186121777
hot_to_cold,vertical_horizontal_filter,743.322008,-0.2140668586120711
hot_to_cold,vertical_horizontal_filter,929.15251,-0.21503104061351952
hot_to_cold,inter_access_interval_ms,-929.15251,-0.3108339884457997
hot_to_cold,inter_access_interval_ms,-743.322008,-0.31095036839578055
hot_to_cold,inter_access_interval_ms,-557.491506,-0.3133485252896
hot_to_cold,inter_access_interval_ms,-371.661004,-0.3308708523273256
hot_to_cold,inter_access_interval_ms,-185.830502,-0.39782767113620054
hot_to_cold,inter_access_interval_ms,0.0,-0.4017183133632159
hot_to_cold,inter_access_interval_ms,185.830502,-0.4017183133632159
hot_to_cold,inter_access_interval_ms,371.661004,-0.40453880804722403
hot_to_cold,inter_access_interval_ms,557.491506,-0.40677870422216217
hot_to_cold,inter_access_interval_ms,743.322008,-0.40827357538736403
hot_to_cold,inter_access_interval_ms,929.15251,-0.40939042320912955
hot_to_cold,inter_access_variance_ms2,-929.15251,0.3629777776626327
hot_to_cold,inter_access_variance_ms2,-743.322008,0.3653207446786599
hot_to_cold,inter_access_variance_ms2,-557.491506,0.3690496305849174
hot_to_cold,inter_access_variance_ms2,-371.661004,0.38701124253877334
hot_to_cold,inter_access_variance_ms2,-185.830502,0.4000856124826764
hot_to_cold,inter_access_variance_ms2,0.0,0.4000867615113221
hot_to_cold,inter_access_variance_ms2,185.830502,0.39899862713861517
hot_to_cold,inter_access_variance_ms2,371.661004,0.39997609966244574
hot_to_cold,inter_access_variance_ms2,557.491506,0.40119864969177566
hot_to_cold,inter_access_variance_ms2,743.322008,0.40238929626940045
hot_to_cold,inter_access_variance_ms2,929.15251,0.4046857825579289
hot_to_cold,recency_weighted_frequency,-929.15251,0.5363091316619049
hot_to_cold,recency_weighted_frequency,-743.322008,0.5382791297001509
hot_to_cold,recency_weighted_frequency,-557.491506,0.6288461484571682
hot_to_cold,recency_weighted_frequency,-371.661004,1.3943283663266384
hot_to_cold,recency_weighted_frequency,-185.830502,1.9703143045401266
hot_to_cold,recency_weighted_frequency,0.0,1.7709163793117244
hot_to_cold,recency_weighted_frequency,185.830502,1.4797459089700924
hot_to_cold,recency_weighted_frequency,371.661004,1.364063143635694
hot_to_cold,recency_weighted_frequency,557.491506,1.2834575204182215
hot_to_cold,recency_weighted_frequency,743.322008,1.2082274281822123
hot_to_cold,recency_weighted_frequency,929.15251,1.1392899292913667
