event,signal,t_ms,mean_z
cold_to_hot,heat_score,-250,0.6868221568739212
cold_to_hot,heat_score,-200,0.6633911214265062
cold_to_hot,heat_score,-150,0.6399178734898607
cold_to_hot,heat_score,-100,0.6448553226030348
cold_to_hot,heat_score,-50,1.1006408581546652
cold_to_hot,heat_score,0,2.401133454978607
cold_to_hot,heat_score,50,2.40175448794435
cold_to_hot,heat_score,100,2.3798990599054264
cold_to_hot,heat_score,150,2.3935286368628303
cold_to_hot,heat_score,200,2.3882483574160096
cold_to_hot,heat_score,250,2.37187358404158
cold_to_hot,access_rate,-250,0.13891374989936864
cold_to_hot,access_rate,-200,0.12767280950486018
cold_to_hot,access_rate,-150,0.13916318763905883
cold_to_hot,access_rate,-100,0.12302467519641652
cold_to_hot,access_rate,-50,0.11237888700767014
cold_to_hot,access_rate,0,0.14312795716893056
cold_to_hot,access_rate,50,0.16854122770359675
cold_to_hot,access_rate,100,0.16008550498177024
cold_to_hot,access_rate,150,0.17625430407367212
cold_to_hot,access_rate,200,0.19219433694569685
cold_to_hot,access_rate,250,0.1943817378909748
cold_to_hot,interval_access_rate,-250,0.14547379144098643
cold_to_hot,interval_access_rate,-200,0.05260478108507264
cold_to_hot,interval_access_rate,-150,0.14366333497721
cold_to_hot,interval_access_rate,-100,0.003951623457674805
cold_to_hot,interval_access_rate,-50,0.0133565711886495
cold_to_hot,interval_access_rate,0,0.3933958971127577
cold_to_hot,interval_access_rate,50,0.4900270272437835
cold_to_hot,interval_access_rate,100,0.07593793144090628
cold_to_hot,interval_access_rate,150,0.32177857745868715
cold_to_hot,interval_access_rate,200,0.3756337492505099
cold_to_hot,interval_access_rate,250,0.23150124624050045
cold_to_hot,swing_index,-250,-0.7191616651228836
cold_to_hot,swing_index,-200,0.1285069007775837
cold_to_hot,swing_index,-150,0.21049635240796277
cold_to_hot,swing_index,-100,0.8443585522807808
cold_to_hot,swing_index,-50,0.7361670058833067
cold_to_hot,swing_index,0,8.648607204045948
cold_to_hot,swing_index,50,3.5562797644712525
cold_to_hot,swing_index,100,-4.259627657824304
cold_to_hot,swing_index,150,2.117762402525207
cold_to_hot,swing_index,200,1.0724626236583448
cold_to_hot,swing_index,250,-2.705118689271664
cold_to_hot,accum_swing_index,-250,0.02929798398890927
cold_to_hot,accum_swing_index,-200,0.059625336915144225
cold_to_hot,accum_swing_index,-150,0.10448522496058694
cold_to_hot,accum_swing_index,-100,0.26169439559922764
cold_to_hot,accum_swing_index,-50,0.39972737524613383
cold_to_hot,accum_swing_index,0,1.9402101507516194
cold_to_hot,accum_swing_index,50,2.5780972194685834
cold_to_hot,accum_swing_index,100,1.8306445221061542
cold_to_hot,accum_swing_index,150,2.213559748813312
cold_to_hot,accum_swing_index,200,2.4111998872462213
cold_to_hot,accum_swing_index,250,1.9392777212511572
cold_to_hot,aroon_up,-250,0.5271402129723101
cold_to_hot,aroon_up,-200,0.4801520760222229
cold_to_hot,aroon_up,-150,0.4669320867988454
cold_to_hot,aroon_up,-100,2.291492784708999
cold_to_hot,aroon_up,-50,2.127822717566296
cold_to_hot,aroon_up,0,4.162333485742098
cold_to_hot,aroon_up,50,3.9240791023146238
cold_to_hot,aroon_up,100,3.61800333173102
cold_to_hot,aroon_up,150,3.6845317745976227
cold_to_hot,aroon_up,200,3.693288300161045
cold_to_hot,aroon_up,250,3.4529501300967937
cold_to_hot,aroon_down,-250,-0.18305238567932805
cold_to_hot,aroon_down,-200,-0.18921270286059994
cold_to_hot,aroon_down,-150,-0.19193309179919046
cold_to_hot,aroon_down,-100,-0.17666744958488717
cold_to_hot,aroon_down,-50,-0.1804438878944521
cold_to_hot,aroon_down,0,-0.1834875179437736
cold_to_hot,aroon_down,50,-0.18609211481118826
cold_to_hot,aroon_down,100,-0.18840864692083936
cold_to_hot,aroon_down,150,-0.18818882389871375
cold_to_hot,aroon_down,200,-0.18268758666487003
cold_to_hot,aroon_down,250,-0.18514588453552644
cold_to_hot,aroon_oscillator,-250,0.5913495050240773
cold_to_hot,aroon_oscillator,-200,0.548892756431358
cold_to_hot,aroon_oscillator,-150,0.5373980481849949
cold_to_hot,aroon_oscillator,-100,2.288173562874485
cold_to_hot,aroon_oscillator,-50,2.1322204859684297
cold_to_hot,aroon_oscillator,0,4.09361041962215
cold_to_hot,aroon_oscillator,50,3.8652698811962902
cold_to_hot,aroon_oscillator,100,3.57146033235121
cold_to_hot,aroon_oscillator,150,3.6354520293772277
cold_to_hot,aroon_oscillator,200,3.641378017731822
cold_to_hot,aroon_oscillator,250,3.4109632575581297
cold_to_hot,avg_directional_index,-250,-0.02153207868005145
cold_to_hot,avg_directional_index,-200,-0.019358576475990142
cold_to_hot,avg_directional_index,-150,-0.01490694146600209
cold_to_hot,avg_directional_index,-100,-0.04010836274979663
cold_to_hot,avg_directional_index,-50,-0.05671839719442637
cold_to_hot,avg_directional_index,0,0.7841634817774469
cold_to_hot,avg_directional_index,50,1.4406774952019108
cold_to_hot,avg_directional_index,100,1.3402574154063958
cold_to_hot,avg_directional_index,150,1.3744687581552644
cold_to_hot,avg_directional_index,200,1.4799259231572752
cold_to_hot,avg_directional_index,250,1.4115944454288163
cold_to_hot,plus_directional_indicator,-250,0.4287969902519097
cold_to_hot,plus_directional_indicator,-200,0.578593978352667
cold_to_hot,plus_directional_indicator,-150,0.6262682487198344
cold_to_hot,plus_directional_indicator,-100,0.5360789330776687
cold_to_hot,plus_directional_indicator,-50,0.538112013591542
cold_to_hot,plus_directional_indicator,0,3.3924373576586455
cold_to_hot,plus_directional_indicator,50,3.380072918752109
cold_to_hot,plus_directional_indicator,100,2.028473914522549
cold_to_hot,plus_directional_indicator,150,2.254510523871637
cold_to_hot,plus_directional_indicator,200,2.362565307110554
cold_to_hot,plus_directional_indicator,250,1.9113440164513518
cold_to_hot,minus_directional_indicator,-250,0.27785581706795476
cold_to_hot,minus_directional_indicator,-200,0.3376181270289163
cold_to_hot,minus_directional_indicator,-150,0.3202189501637613
cold_to_hot,minus_directional_indicator,-100,0.3976969275306183
cold_to_hot,minus_directional_indicator,-50,0.39595039064964377
cold_to_hot,minus_directional_indicator,0,0.3525013209910361
cold_to_hot,minus_directional_indicator,50,0.374901034266513
cold_to_hot,minus_directional_indicator,100,1.5360048336815595
cold_to_hot,minus_directional_indicator,150,1.347714927768142
cold_to_hot,minus_directional_indicator,200,1.254889452926073
cold_to_hot,minus_directional_indicator,250,1.6425153340652912
cold_to_hot,gopalakrishnan_range_index,-250,0.4481051864565954
cold_to_hot,gopalakrishnan_range_index,-200,0.4408989928088371
cold_to_hot,gopalakrishnan_range_index,-150,0.44032447827080307
cold_to_hot,gopalakrishnan_range_index,-100,0.8196894955921668
cold_to_hot,gopalakrishnan_range_index,-50,1.4623213423321388
cold_to_hot,gopalakrishnan_range_index,0,3.4003123473535606
cold_to_hot,gopalakrishnan_range_index,50,3.376830928186523
cold_to_hot,gopalakrishnan_range_index,100,3.2883789673108748
cold_to_hot,gopalakrishnan_range_index,150,3.2229069148288336
cold_to_hot,gopalakrishnan_range_index,200,3.172893773600135
cold_to_hot,gopalakrishnan_range_index,250,3.1216648902156012
cold_to_hot,ichimoku_tenkan,-250,0.17408695221094767
cold_to_hot,ichimoku_tenkan,-200,0.17018911120437102
cold_to_hot,ichimoku_tenkan,-150,0.17417066700032688
cold_to_hot,ichimoku_tenkan,-100,0.16567811175364175
cold_to_hot,ichimoku_tenkan,-50,0.16688780432454417
cold_to_hot,ichimoku_tenkan,0,0.2629471531980313
cold_to_hot,ichimoku_tenkan,50,0.3082519662183338
cold_to_hot,ichimoku_tenkan,100,0.30779993852550147
cold_to_hot,ichimoku_tenkan,150,0.3093422861756759
cold_to_hot,ichimoku_tenkan,200,0.31757180477541497
cold_to_hot,ichimoku_tenkan,250,0.317517677183508
cold_to_hot,ichimoku_kijun,-250,0.13271568601182915
cold_to_hot,ichimoku_kijun,-200,0.13273904373832587
cold_to_hot,ichimoku_kijun,-150,0.1369169824782037
cold_to_hot,ichimoku_kijun,-100,0.13024875753519063
cold_to_hot,ichimoku_kijun,-50,0.13188261723633934
cold_to_hot,ichimoku_kijun,0,0.21417384840679735
cold_to_hot,ichimoku_kijun,50,0.2521194736265544
cold_to_hot,ichimoku_kijun,100,0.25230726459911285
cold_to_hot,ichimoku_kijun,150,0.2547595409757945
cold_to_hot,ichimoku_kijun,200,0.26319017570365716
cold_to_hot,ichimoku_kijun,250,0.2632264548500077
cold_to_hot,ichimoku_senkou_a,-250,0.15658601506131298
cold_to_hot,ichimoku_senkou_a,-200,0.1547494704853406
cold_to_hot,ichimoku_senkou_a,-150,0.1589676763152666
cold_to_hot,ichimoku_senkou_a,-100,0.1512206037386693
cold_to_hot,ichimoku_senkou_a,-50,0.15270537737233636
cold_to_hot,ichimoku_senkou_a,0,0.24415818000636896
cold_to_hot,ichimoku_senkou_a,50,0.28680783151905775
cold_to_hot,ichimoku_senkou_a,100,0.28669802065352606
cold_to_hot,ichimoku_senkou_a,150,0.28879685995086346
cold_to_hot,ichimoku_senkou_a,200,0.29740115329751626
cold_to_hot,ichimoku_senkou_a,250,0.29739569237843044
cold_to_hot,ichimoku_senkou_b,-250,0.11892814006909619
cold_to_hot,ichimoku_senkou_b,-200,0.11895032953722247
cold_to_hot,ichimoku_senkou_b,-150,0.12291930479323421
cold_to_hot,ichimoku_senkou_b,-100,0.11658459730992073
cold_to_hot,ichimoku_senkou_b,-50,0.118136876336751
cold_to_hot,ichimoku_senkou_b,0,0.19631223520088117
cold_to_hot,ichimoku_senkou_b,50,0.23235997475570194
cold_to_hot,ichimoku_senkou_b,100,0.23253837318846815
cold_to_hot,ichimoku_senkou_b,150,0.2348679966860674
cold_to_hot,ichimoku_senkou_b,200,0.2428769653930473
cold_to_hot,ichimoku_senkou_b,250,0.24291218466755207
cold_to_hot,ichimoku_chikou,-250,0.14547379144098643
cold_to_hot,ichimoku_chikou,-200,0.05260478108507264
cold_to_hot,ichimoku_chikou,-150,0.14366333497721
cold_to_hot,ichimoku_chikou,-100,0.003951623457674805
cold_to_hot,ichimoku_chikou,-50,0.0133565711886495
cold_to_hot,ichimoku_chikou,0,0.3933958971127577
cold_to_hot,ichimoku_chikou,50,0.4900270272437835
cold_to_hot,ichimoku_chikou,100,0.07593793144090628
cold_to_hot,ichimoku_chikou,150,0.32177857745868715
cold_to_hot,ichimoku_chikou,200,0.3756337492505099
cold_to_hot,ichimoku_chikou,250,0.23150124624050045
cold_to_hot,linear_reg_slope,-250,-0.41650586084928193
cold_to_hot,linear_reg_slope,-200,-0.1543142279559005
cold_to_hot,linear_reg_slope,-150,0.026095248671115588
cold_to_hot,linear_reg_slope,-100,-0.047291638625206564
cold_to_hot,linear_reg_slope,-50,-0.06351666446412049
cold_to_hot,linear_reg_slope,0,0.050676064046265304
cold_to_hot,linear_reg_slope,50,0.09615715658600013
cold_to_hot,linear_reg_slope,100,0.046546146762030505
cold_to_hot,linear_reg_slope,150,0.06988173395255752
cold_to_hot,linear_reg_slope,200,0.08588133107423394
cold_to_hot,linear_reg_slope,250,0.07505158250415829
cold_to_hot,linear_reg_intercept,-250,0.13661818164534442
cold_to_hot,linear_reg_intercept,-200,0.12743459233710233
cold_to_hot,linear_reg_intercept,-150,0.10991370562752527
cold_to_hot,linear_reg_intercept,-100,0.12372021454639301
cold_to_hot,linear_reg_intercept,-50,0.13828453668987783
cold_to_hot,linear_reg_intercept,0,0.10252897948036718
cold_to_hot,linear_reg_intercept,50,0.07139637779521456
cold_to_hot,linear_reg_intercept,100,0.1036451612465586
cold_to_hot,linear_reg_intercept,150,0.10107082308979279
cold_to_hot,linear_reg_intercept,200,0.08865440217782905
cold_to_hot,linear_reg_intercept,250,0.09294075893240389
cold_to_hot,parabolic_sar,-250,0.10634338779097179
cold_to_hot,parabolic_sar,-200,0.19502776622423484
cold_to_hot,parabolic_sar,-150,0.11956665789629788
cold_to_hot,parabolic_sar,-100,0.20605732669228052
cold_to_hot,parabolic_sar,-50,0.20032597766527413
cold_to_hot,parabolic_sar,0,0.17905486324211584
cold_to_hot,parabolic_sar,50,0.001500156693496448
cold_to_hot,parabolic_sar,100,0.09712345452276457
cold_to_hot,parabolic_sar,150,0.1932199190586374
cold_to_hot,parabolic_sar,200,0.18199241512189634
cold_to_hot,parabolic_sar,250,0.2809052469730219
cold_to_hot,parabolic_sar_direction,-250,-0.00938039703027529
cold_to_hot,parabolic_sar_direction,-200,-0.08071850061729843
cold_to_hot,parabolic_sar_direction,-150,-0.06151208811310065
cold_to_hot,parabolic_sar_direction,-100,-0.2014445220722563
cold_to_hot,parabolic_sar_direction,-50,-0.22613848100622494
cold_to_hot,parabolic_sar_direction,0,-0.025843036319587846
cold_to_hot,parabolic_sar_direction,50,0.22932787266475244
cold_to_hot,parabolic_sar_direction,100,-0.7227614329004788
cold_to_hot,parabolic_sar_direction,150,-0.6980674739665107
cold_to_hot,parabolic_sar_direction,200,-0.47582184356080137
cold_to_hot,parabolic_sar_direction,250,-1.7516763884824926
cold_to_hot,random_walk_index_high,-250,0.04005999637720323
cold_to_hot,random_walk_index_high,-200,0.10551437629638796
cold_to_hot,random_walk_index_high,-150,0.20819069626315267
cold_to_hot,random_walk_index_high,-100,2.354334804468759
cold_to_hot,random_walk_index_high,-50,2.164731277077247
cold_to_hot,random_walk_index_high,0,8.05289276958773
cold_to_hot,random_walk_index_high,50,6.997786255577865
cold_to_hot,random_walk_index_high,100,0.941141720037582
cold_to_hot,random_walk_index_high,150,2.5255183159056735
cold_to_hot,random_walk_index_high,200,2.873371311831359
cold_to_hot,random_walk_index_high,250,0.3591569067592204
cold_to_hot,random_walk_index_low,-250,0.12239197025813627
cold_to_hot,random_walk_index_low,-200,0.12986099168588874
cold_to_hot,random_walk_index_low,-150,0.12543549286181707
cold_to_hot,random_walk_index_low,-100,0.3002920783342444
cold_to_hot,random_walk_index_low,-50,0.4959051644990181
cold_to_hot,random_walk_index_low,0,0.04755777440894633
cold_to_hot,random_walk_index_low,50,0.19761918549916047
cold_to_hot,random_walk_index_low,100,1.615891101584738
cold_to_hot,random_walk_index_low,150,0.5582601748932308
cold_to_hot,random_walk_index_low,200,0.45456011825163145
cold_to_hot,random_walk_index_low,250,2.2669998010176187
cold_to_hot,range_action_verification_index,-250,0.15504022387307145
cold_to_hot,range_action_verification_index,-200,0.1437790438977249
cold_to_hot,range_action_verification_index,-150,0.11543624224923894
cold_to_hot,range_action_verification_index,-100,0.12308168816599473
cold_to_hot,range_action_verification_index,-50,0.1542495758288249
cold_to_hot,range_action_verification_index,0,1.8535135015353006
cold_to_hot,range_action_verification_index,50,2.0225535019661254
cold_to_hot,range_action_verification_index,100,2.310275733603674
cold_to_hot,range_action_verification_index,150,2.5492343282322203
cold_to_hot,range_action_verification_index,200,2.71922854324341
cold_to_hot,range_action_verification_index,250,2.975668530949337
cold_to_hot,schaff_trend_cycle,-250,0.4807459366127579
cold_to_hot,schaff_trend_cycle,-200,0.31616426780468226
cold_to_hot,schaff_trend_cycle,-150,0.18257828588768368
cold_to_hot,schaff_trend_cycle,-100,0.9269174396896047
cold_to_hot,schaff_trend_cycle,-50,1.2969041817514653
cold_to_hot,schaff_trend_cycle,0,2.341062193364465
cold_to_hot,schaff_trend_cycle,50,2.896819463436908
cold_to_hot,schaff_trend_cycle,100,3.1733697579321833
cold_to_hot,schaff_trend_cycle,150,3.2885393093331485
cold_to_hot,schaff_trend_cycle,200,3.2855381384235645
cold_to_hot,schaff_trend_cycle,250,3.1478879927545536
cold_to_hot,schaff_trend_cycle_signal,-250,0.511362204928352
cold_to_hot,schaff_trend_cycle_signal,-200,0.4249628075577974
cold_to_hot,schaff_trend_cycle_signal,-150,0.3120889168303993
cold_to_hot,schaff_trend_cycle_signal,-100,0.6438756129264764
cold_to_hot,schaff_trend_cycle_signal,-50,1.002742258512188
cold_to_hot,schaff_trend_cycle_signal,0,1.7267752131819445
cold_to_hot,schaff_trend_cycle_signal,50,2.3786569944665255
cold_to_hot,schaff_trend_cycle_signal,100,2.848837700690099
cold_to_hot,schaff_trend_cycle_signal,150,3.1439968237099354
cold_to_hot,schaff_trend_cycle_signal,200,3.290011088190252
cold_to_hot,schaff_trend_cycle_signal,250,3.291224026076492
cold_to_hot,supertrend_direction,-250,-0.18795350196706767
cold_to_hot,supertrend_direction,-200,-0.2088572714200687
cold_to_hot,supertrend_direction,-150,-0.029682104680063628
cold_to_hot,supertrend_direction,-100,-0.20885727142006943
cold_to_hot,supertrend_direction,-50,-0.22080228253606984
cold_to_hot,supertrend_direction,0,-0.14913221584006714
cold_to_hot,supertrend_direction,50,-0.08044840192306066
cold_to_hot,supertrend_direction,100,-2.5022994056921433
cold_to_hot,supertrend_direction,150,-1.3077982940920878
cold_to_hot,supertrend_direction,200,-0.12225594082906507
cold_to_hot,supertrend_direction,250,-1.1644581607000792
cold_to_hot,supertrend,-250,0.19296450141435653
cold_to_hot,supertrend,-200,0.19503176012147613
cold_to_hot,supertrend,-150,0.06754159420228051
cold_to_hot,supertrend,-100,0.07805045157879435
cold_to_hot,supertrend,-50,0.07752454087351551
cold_to_hot,supertrend,0,0.13437370498183843
cold_to_hot,supertrend,50,0.17416568177880698
cold_to_hot,supertrend,100,0.19933836245142775
cold_to_hot,supertrend,150,0.13823727995893018
cold_to_hot,supertrend,200,0.07940174876521539
cold_to_hot,supertrend,250,0.15697607193280688
cold_to_hot,system_quality_number,-250,0.06068767632944252
cold_to_hot,system_quality_number,-200,0.10816458790120247
cold_to_hot,system_quality_number,-150,0.27981460716164014
cold_to_hot,system_quality_number,-100,3.189343433447005
cold_to_hot,system_quality_number,-50,2.355570546946376
cold_to_hot,system_quality_number,0,6.583606722208913
cold_to_hot,system_quality_number,50,6.74818135574155
cold_to_hot,system_quality_number,100,0.9304981340029638
cold_to_hot,system_quality_number,150,3.452704091001544
cold_to_hot,system_quality_number,200,4.264419658895607
cold_to_hot,system_quality_number,250,0.6404222372921557
cold_to_hot,triple_exp_rate_of_change,-250,-0.029037019413165607
cold_to_hot,triple_exp_rate_of_change,-200,-0.029102099705739987
cold_to_hot,triple_exp_rate_of_change,-150,-0.02912753237229303
cold_to_hot,triple_exp_rate_of_change,-100,-0.029155316130983953
cold_to_hot,triple_exp_rate_of_change,-50,1.2936365655205297
cold_to_hot,triple_exp_rate_of_change,0,5.857962978939963
cold_to_hot,triple_exp_rate_of_change,50,-0.024903967131977327
cold_to_hot,triple_exp_rate_of_change,100,-0.02774374441650325
cold_to_hot,triple_exp_rate_of_change,150,-0.02822441280959217
cold_to_hot,triple_exp_rate_of_change,200,-0.028421424361836787
cold_to_hot,triple_exp_rate_of_change,250,-0.028632424591745472
cold_to_hot,vertical_horizontal_filter,-250,0.15190575269851597
cold_to_hot,vertical_horizontal_filter,-200,0.09672849105982012
cold_to_hot,vertical_horizontal_filter,-150,0.07235967012170016
cold_to_hot,vertical_horizontal_filter,-100,2.47905732104857
cold_to_hot,vertical_horizontal_filter,-50,2.170551413861157
cold_to_hot,vertical_horizontal_filter,0,4.952165781173604
cold_to_hot,vertical_horizontal_filter,50,4.421292251821804
cold_to_hot,vertical_horizontal_filter,100,2.621871729062681
cold_to_hot,vertical_horizontal_filter,150,1.998051200681202
cold_to_hot,vertical_horizontal_filter,200,1.8575039005041072
cold_to_hot,vertical_horizontal_filter,250,1.4235241675973684
cold_to_hot,inter_access_interval_ms,-250,-0.04550681607813289
cold_to_hot,inter_access_interval_ms,-200,-0.04552697483429715
cold_to_hot,inter_access_interval_ms,-150,-0.045550007718635155
cold_to_hot,inter_access_interval_ms,-100,8.243360733141722
cold_to_hot,inter_access_interval_ms,-50,2.917538479834789
cold_to_hot,inter_access_interval_ms,0,-0.044464215978447116
cold_to_hot,inter_access_interval_ms,50,-0.045880907501144104
cold_to_hot,inter_access_interval_ms,100,-0.045891914985347684
cold_to_hot,inter_access_interval_ms,150,-0.046067333347148846
cold_to_hot,inter_access_interval_ms,200,-0.046218575359396614
cold_to_hot,inter_access_interval_ms,250,-0.04621787497244864
cold_to_hot,inter_access_variance_ms2,-250,0.1515380470222917
cold_to_hot,inter_access_variance_ms2,-200,0.15547060508090485
cold_to_hot,inter_access_variance_ms2,-150,0.19374030313649818
cold_to_hot,inter_access_variance_ms2,-100,0.22196127743483582
cold_to_hot,inter_access_variance_ms2,-50,1.4380518190682499
cold_to_hot,inter_access_variance_ms2,0,2.0596713378277856
cold_to_hot,inter_access_variance_ms2,50,1.9609933529715298
cold_to_hot,inter_access_variance_ms2,100,1.9166479350893089
cold_to_hot,inter_access_variance_ms2,150,1.7220341900768845
cold_to_hot,inter_access_variance_ms2,200,1.5578666905607663
cold_to_hot,inter_access_variance_ms2,250,1.4204832647411536
cold_to_hot,recency_weighted_frequency,-250,0.16719843653873384
cold_to_hot,recency_weighted_frequency,-200,0.1482949047169906
cold_to_hot,recency_weighted_frequency,-150,0.16144675789777815
cold_to_hot,recency_weighted_frequency,-100,0.13406738921983402
cold_to_hot,recency_weighted_frequency,-50,0.11546038808703064
cold_to_hot,recency_weighted_frequency,0,0.16586827389416622
cold_to_hot,recency_weighted_frequency,50,0.21490994535339475
cold_to_hot,recency_weighted_frequency,100,0.19619672592679238
cold_to_hot,recency_weighted_frequency,150,0.2202129791181939
cold_to_hot,recency_weighted_frequency,200,0.24625778023879372
cold_to_hot,recency_weighted_frequency,250,0.2474141773710086
hot_to_cold,heat_score,-250,2.3946039857900683
hot_to_cold,heat_score,-200,2.389294140461164
hot_to_cold,heat_score,-150,2.391418502345774
hot_to_cold,heat_score,-100,2.3997122830042033
hot_to_cold,heat_score,-50,2.391139973952938
hot_to_cold,heat_score,0,2.366725556581846
hot_to_cold,heat_score,50,2.3430634884911625
hot_to_cold,heat_score,100,2.322293951374167
hot_to_cold,heat_score,150,2.300582167782674
hot_to_cold,heat_score,200,2.2782119561583607
hot_to_cold,heat_score,250,2.2603746482621148
hot_to_cold,access_rate,-250,0.2166381751278089
hot_to_cold,access_rate,-200,0.31903993492903665
hot_to_cold,access_rate,-150,0.2770632600915885
hot_to_cold,access_rate,-100,0.2789757752558111
hot_to_cold,access_rate,-50,0.29462851308776145
hot_to_cold,access_rate,0,0.2735200727542161
hot_to_cold,access_rate,50,0.25642816194371987
hot_to_cold,access_rate,100,0.25691710658548333
hot_to_cold,access_rate,150,0.2623292362474463
hot_to_cold,access_rate,200,0.2544593352948254
hot_to_cold,access_rate,250,0.25689002412637124
hot_to_cold,interval_access_rate,-250,0.20368593181568517
hot_to_cold,interval_access_rate,-200,0.22867641497996408
hot_to_cold,interval_access_rate,-150,0.2994360657397698
hot_to_cold,interval_access_rate,-100,0.4990568898991772
hot_to_cold,interval_access_rate,-50,0.4283100809620734
hot_to_cold,interval_access_rate,0,0.036379530609942194
hot_to_cold,interval_access_rate,50,0.01300169601660474
hot_to_cold,interval_access_rate,100,0.13545335812250991
hot_to_cold,interval_access_rate,150,0.2918597634776233
hot_to_cold,interval_access_rate,200,0.15969544833334634
hot_to_cold,interval_access_rate,250,0.20273549514341233
hot_to_cold,swing_index,-250,0.2456422671483838
hot_to_cold,swing_index,-200,0.15306109125877612
hot_to_cold,swing_index,-150,0.33917957346035954
hot_to_cold,swing_index,-100,0.8996732688709163
hot_to_cold,swing_index,-50,-0.4413899302452197
hot_to_cold,swing_index,0,-1.9092632955088744
hot_to_cold,swing_index,50,-0.16597369033146053
hot_to_cold,swing_index,100,0.2688830275232688
hot_to_cold,swing_index,150,0.010369877045478301
hot_to_cold,swing_index,200,0.015669550675060887
hot_to_cold,swing_index,250,0.3674176296425953
hot_to_cold,accum_swing_index,-250,2.0445244818000643
hot_to_cold,accum_swing_index,-200,2.079204265599608
hot_to_cold,accum_swing_index,-150,2.1468726146020027
hot_to_cold,accum_swing_index,-100,2.3138860790523883
hot_to_cold,accum_swing_index,-50,2.2432016956584078
hot_to_cold,accum_swing_index,0,1.9123419940500626
hot_to_cold,accum_swing_index,50,1.890474123595172
hot_to_cold,accum_swing_index,100,1.945682716267299
hot_to_cold,accum_swing_index,150,1.9550708146085762
hot_to_cold,accum_swing_index,200,1.9653981336338353
hot_to_cold,accum_swing_index,250,2.0380715315734035
hot_to_cold,aroon_up,-250,3.414484017049845
hot_to_cold,aroon_up,-200,3.2229256630026963
hot_to_cold,aroon_up,-150,3.0712587064181007
hot_to_cold,aroon_up,-100,3.1621313038600443
hot_to_cold,aroon_up,-50,3.1239652282480446
hot_to_cold,aroon_up,0,2.9382312522811604
hot_to_cold,aroon_up,50,2.759790196367845
hot_to_cold,aroon_up,100,2.60614640764587
hot_to_cold,aroon_up,150,2.4645028420529065
hot_to_cold,aroon_up,200,2.3348620378210296
hot_to_cold,aroon_up,250,2.2472719124122724
hot_to_cold,aroon_down,-250,-0.1856723288983635
hot_to_cold,aroon_down,-200,-0.17116967938617927
hot_to_cold,aroon_down,-150,-0.168990427247469
hot_to_cold,aroon_down,-100,-0.16298245582995508
hot_to_cold,aroon_down,-50,-0.1618634145221909
hot_to_cold,aroon_down,0,-0.15583574232278785
hot_to_cold,aroon_down,50,-0.15087083457958314
hot_to_cold,aroon_down,100,-0.15647415834544084
hot_to_cold,aroon_down,150,-0.1615943711681475
hot_to_cold,aroon_down,200,-0.16496749651507325
hot_to_cold,aroon_down,250,-0.1687072175845172
hot_to_cold,aroon_oscillator,-250,3.3741460620846726
hot_to_cold,aroon_oscillator,-200,3.1829865125049563
hot_to_cold,aroon_oscillator,-150,3.0358797691981088
hot_to_cold,aroon_oscillator,-100,3.1206833214557097
hot_to_cold,aroon_oscillator,-50,3.083404453901381
hot_to_cold,aroon_oscillator,0,2.9017225463238563
hot_to_cold,aroon_oscillator,50,2.727551340131372
hot_to_cold,aroon_oscillator,100,2.5820908427349902
hot_to_cold,aroon_oscillator,150,2.447970669319879
hot_to_cold,aroon_oscillator,200,2.324616605541805
hot_to_cold,aroon_oscillator,250,2.2419404570951404
hot_to_cold,avg_directional_index,-250,1.4409258078891385
hot_to_cold,avg_directional_index,-200,1.573967623427435
hot_to_cold,avg_directional_index,-150,1.5103994028572851
hot_to_cold,avg_directional_index,-100,1.140900773336302
hot_to_cold,avg_directional_index,-50,0.9773350215768356
hot_to_cold,avg_directional_index,0,0.9074953845328648
hot_to_cold,avg_directional_index,50,0.8498793004821006
hot_to_cold,avg_directional_index,100,0.8472155574780222
hot_to_cold,avg_directional_index,150,0.8839048300732373
hot_to_cold,avg_directional_index,200,0.9013712902792774
hot_to_cold,avg_directional_index,250,0.9976631387644138
hot_to_cold,plus_directional_indicator,-250,2.5727479713029555
hot_to_cold,plus_directional_indicator,-200,2.567231440893475
hot_to_cold,plus_directional_indicator,-150,2.454390709521626
hot_to_cold,plus_directional_indicator,-100,2.5153866686383015
hot_to_cold,plus_directional_indicator,-50,3.192064993247336
hot_to_cold,plus_directional_indicator,0,3.2354594713205427
hot_to_cold,plus_directional_indicator,50,3.0637728820396406
hot_to_cold,plus_directional_indicator,100,2.997040881604875
hot_to_cold,plus_directional_indicator,150,3.252845854663313
hot_to_cold,plus_directional_indicator,200,3.231322242857458
hot_to_cold,plus_directional_indicator,250,2.7941898191601227
hot_to_cold,minus_directional_indicator,-250,1.5785176110670676
hot_to_cold,minus_directional_indicator,-200,1.5832566382474615
hot_to_cold,minus_directional_indicator,-150,1.691949209310987
hot_to_cold,minus_directional_indicator,-100,1.8217631388844118
hot_to_cold,minus_directional_indicator,-50,2.5629705706218466
hot_to_cold,minus_directional_indicator,0,2.8372177261120797
hot_to_cold,minus_directional_indicator,50,3.0434851136362013
hot_to_cold,minus_directional_indicator,100,3.1008118643994957
hot_to_cold,minus_directional_indicator,150,2.8869380447408215
hot_to_cold,minus_directional_indicator,200,2.905428105303693
hot_to_cold,minus_directional_indicator,250,3.2868286544572016
hot_to_cold,gopalakrishnan_range_index,-250,3.1343453947577125
hot_to_cold,gopalakrishnan_range_index,-200,3.1174021998769548
hot_to_cold,gopalakrishnan_range_index,-150,3.0912060750903194
hot_to_cold,gopalakrishnan_range_index,-100,3.057815368840658
hot_to_cold,gopalakrishnan_range_index,-50,3.050521059441536
hot_to_cold,gopalakrishnan_range_index,0,3.0506648184096776
hot_to_cold,gopalakrishnan_range_index,50,3.053084595111849
hot_to_cold,gopalakrishnan_range_index,100,3.0491752942206465
hot_to_cold,gopalakrishnan_range_index,150,3.047495903384052
hot_to_cold,gopalakrishnan_range_index,200,3.0466160278930214
hot_to_cold,gopalakrishnan_range_index,250,3.043860548927781
hot_to_cold,ichimoku_tenkan,-250,0.3281212134648101
hot_to_cold,ichimoku_tenkan,-200,0.4627805120048582
hot_to_cold,ichimoku_tenkan,-150,0.4057140914253477
hot_to_cold,ichimoku_tenkan,-100,0.41074115356388136
hot_to_cold,ichimoku_tenkan,-50,0.4193025474740352
hot_to_cold,ichimoku_tenkan,0,0.4024448724713386
hot_to_cold,ichimoku_tenkan,50,0.39275897334839205
hot_to_cold,ichimoku_tenkan,100,0.3896717032401797
hot_to_cold,ichimoku_tenkan,150,0.3889299748422245
hot_to_cold,ichimoku_tenkan,200,0.3833667454241643
hot_to_cold,ichimoku_tenkan,250,0.3841351965374647
hot_to_cold,ichimoku_kijun,-250,0.26144911831975515
hot_to_cold,ichimoku_kijun,-200,0.37732206495499376
hot_to_cold,ichimoku_kijun,-150,0.3325909116594226
hot_to_cold,ichimoku_kijun,-100,0.3345674963897961
hot_to_cold,ichimoku_kijun,-50,0.3398197520711278
hot_to_cold,ichimoku_kijun,0,0.33413196176742743
hot_to_cold,ichimoku_kijun,50,0.33260095451630406
hot_to_cold,ichimoku_kijun,100,0.33255155236298983
hot_to_cold,ichimoku_kijun,150,0.3328371756403755
hot_to_cold,ichimoku_kijun,200,0.3301579610572641
hot_to_cold,ichimoku_kijun,250,0.3307046422956428
hot_to_cold,ichimoku_senkou_a,-250,0.30143681190981847
hot_to_cold,ichimoku_senkou_a,-200,0.4299249785180322
hot_to_cold,ichimoku_senkou_a,-150,0.3779120547744633
hot_to_cold,ichimoku_senkou_a,-100,0.3813992493412411
hot_to_cold,ichimoku_senkou_a,-50,0.38838948091383707
hot_to_cold,ichimoku_senkou_a,0,0.3772198023365155
hot_to_cold,ichimoku_senkou_a,50,0.3717701324804422
hot_to_cold,ichimoku_senkou_a,100,0.3702774632276489
hot_to_cold,ichimoku_senkou_a,150,0.37008471544298005
hot_to_cold,ichimoku_senkou_a,200,0.36595181799238846
hot_to_cold,ichimoku_senkou_a,250,0.3666211971867991
hot_to_cold,ichimoku_senkou_b,-250,0.24122285027506346
hot_to_cold,ichimoku_senkou_b,-200,0.3513003039358323
hot_to_cold,ichimoku_senkou_b,-150,0.3088065588638171
hot_to_cold,ichimoku_senkou_b,-100,0.3106842828743167
hot_to_cold,ichimoku_senkou_b,-50,0.3156738421128186
hot_to_cold,ichimoku_senkou_b,0,0.3102705319203314
hot_to_cold,ichimoku_senkou_b,50,0.3088162374917507
hot_to_cold,ichimoku_senkou_b,100,0.3087693062329873
hot_to_cold,ichimoku_senkou_b,150,0.3090412589612852
hot_to_cold,ichimoku_senkou_b,200,0.30649604778228523
hot_to_cold,ichimoku_senkou_b,250,0.3070321550014393
hot_to_cold,ichimoku_chikou,-250,0.20368593181568517
hot_to_cold,ichimoku_chikou,-200,0.22867641497996408
hot_to_cold,ichimoku_chikou,-150,0.2994360657397698
hot_to_cold,ichimoku_chikou,-100,0.4990568898991772
hot_to_cold,ichimoku_chikou,-50,0.4283100809620734
hot_to_cold,ichimoku_chikou,0,0.036379530609942194
hot_to_cold,ichimoku_chikou,50,0.01300169601660474
hot_to_cold,ichimoku_chikou,100,0.13545335812250991
hot_to_cold,ichimoku_chikou,150,0.2918597634776233
hot_to_cold,ichimoku_chikou,200,0.15969544833334634
hot_to_cold,ichimoku_chikou,250,0.20273549514341233
hot_to_cold,linear_reg_slope,-250,0.08062216840252517
hot_to_cold,linear_reg_slope,-200,0.06319287876453192
hot_to_cold,linear_reg_slope,-150,-0.38235378536612574
hot_to_cold,linear_reg_slope,-100,-0.11004714356118944
hot_to_cold,linear_reg_slope,-50,0.07041725616448118
hot_to_cold,linear_reg_slope,0,-0.021145153075829776
hot_to_cold,linear_reg_slope,50,-0.05186327520732599
hot_to_cold,linear_reg_slope,100,-0.015715042459175134
hot_to_cold,linear_reg_slope,150,0.004996668234625253
hot_to_cold,linear_reg_slope,200,-0.02441730990848364
hot_to_cold,linear_reg_slope,250,-0.01853105478375119
hot_to_cold,linear_reg_intercept,-250,0.08593603229580396
hot_to_cold,linear_reg_intercept,-200,0.19990179141448156
hot_to_cold,linear_reg_intercept,-150,0.2155082924694542
hot_to_cold,linear_reg_intercept,-100,0.1986412507695199
hot_to_cold,linear_reg_intercept,-50,0.17839126632027152
hot_to_cold,linear_reg_intercept,0,0.22607144224772358
hot_to_cold,linear_reg_intercept,50,0.25810441530621125
hot_to_cold,linear_reg_intercept,100,0.2670449504421628
hot_to_cold,linear_reg_intercept,150,0.26836005978128086
hot_to_cold,linear_reg_intercept,200,0.2946348942553142
hot_to_cold,linear_reg_intercept,250,0.30798993491820276
hot_to_cold,parabolic_sar,-250,0.20555746066749706
hot_to_cold,parabolic_sar,-200,0.4581680443249013
hot_to_cold,parabolic_sar,-150,0.3626677568276082
hot_to_cold,parabolic_sar,-100,0.2969634284534763
hot_to_cold,parabolic_sar,-50,0.21071806901965578
hot_to_cold,parabolic_sar,0,0.41040377555850815
hot_to_cold,parabolic_sar,50,0.5101445385348538
hot_to_cold,parabolic_sar,100,0.48712986911030276
hot_to_cold,parabolic_sar,150,0.3795832659089783
hot_to_cold,parabolic_sar,200,0.2802926058447189
hot_to_cold,parabolic_sar,250,0.23287601522328305
hot_to_cold,parabolic_sar_direction,-250,-0.7904450585653038
hot_to_cold,parabolic_sar_direction,-200,-1.8215247190774821
hot_to_cold,parabolic_sar_direction,-150,-1.7996159879112241
hot_to_cold,parabolic_sar_direction,-100,-1.008163074530036
hot_to_cold,parabolic_sar_direction,-50,-0.7671670317011561
hot_to_cold,parabolic_sar_direction,0,-2.2240976542575193
hot_to_cold,parabolic_sar_direction,50,-2.4650936970863886
hot_to_cold,parabolic_sar_direction,100,-2.388413138004474
hot_to_cold,parabolic_sar_direction,150,-2.3199483531099077
hot_to_cold,parabolic_sar_direction,200,-2.232313428444866
hot_to_cold,parabolic_sar_direction,250,-1.6626864181220862
hot_to_cold,random_walk_index_high,-250,2.10179476763611
hot_to_cold,random_walk_index_high,-200,1.910550464425722
hot_to_cold,random_walk_index_high,-150,2.002409415816835
hot_to_cold,random_walk_index_high,-100,3.4621985658494814
hot_to_cold,random_walk_index_high,-50,2.158423013976343
hot_to_cold,random_walk_index_high,0,-0.03802937673056612
hot_to_cold,random_walk_index_high,50,-0.08655820935704939
hot_to_cold,random_walk_index_high,100,0.45816032919203525
hot_to_cold,random_walk_index_high,150,1.0606912968864317
hot_to_cold,random_walk_index_high,200,1.1095083139938935
hot_to_cold,random_walk_index_high,250,1.6015109452781793
hot_to_cold,random_walk_index_low,-250,1.8261585158298936
hot_to_cold,random_walk_index_low,-200,2.230198572648606
hot_to_cold,random_walk_index_low,-150,1.4710915883481008
hot_to_cold,random_walk_index_low,-100,0.518016753257265
hot_to_cold,random_walk_index_low,-50,0.9984662521126241
hot_to_cold,random_walk_index_low,0,2.1987079704079746
hot_to_cold,random_walk_index_low,50,2.628278798028141
hot_to_cold,random_walk_index_low,100,2.7987678326941623
hot_to_cold,random_walk_index_low,150,3.0081604780587363
hot_to_cold,random_walk_index_low,200,3.2298449353248553
hot_to_cold,random_walk_index_low,250,2.9866686103795343
hot_to_cold,range_action_verification_index,-250,1.9288703750972511
hot_to_cold,range_action_verification_index,-200,2.1204621364133263
hot_to_cold,range_action_verification_index,-150,2.3435429842759934
hot_to_cold,range_action_verification_index,-100,2.1082649243739806
hot_to_cold,range_action_verification_index,-50,1.8491399212737154
hot_to_cold,range_action_verification_index,0,1.489686194909361
hot_to_cold,range_action_verification_index,50,1.0516452178922646
hot_to_cold,range_action_verification_index,100,0.8814557281754698
hot_to_cold,range_action_verification_index,150,0.7158073691630347
hot_to_cold,range_action_verification_index,200,0.49114390964584154
hot_to_cold,range_action_verification_index,250,1.0039723805210785
hot_to_cold,schaff_trend_cycle,-250,2.6287030940898473
hot_to_cold,schaff_trend_cycle,-200,1.9947227945186146
hot_to_cold,schaff_trend_cycle,-150,1.8404455401172517
hot_to_cold,schaff_trend_cycle,-100,2.1108605410581056
hot_to_cold,schaff_trend_cycle,-50,2.1907429737917963
hot_to_cold,schaff_trend_cycle,0,1.2639617050300658
hot_to_cold,schaff_trend_cycle,50,0.657224587857741
hot_to_cold,schaff_trend_cycle,100,0.3416966314234378
hot_to_cold,schaff_trend_cycle,150,0.1890188606625488
hot_to_cold,schaff_trend_cycle,200,0.12313884850718947
hot_to_cold,schaff_trend_cycle,250,0.1639220359364074
hot_to_cold,schaff_trend_cycle_signal,-250,2.989024982474394
hot_to_cold,schaff_trend_cycle_signal,-200,2.5392767180306226
hot_to_cold,schaff_trend_cycle_signal,-150,2.2339367666872376
hot_to_cold,schaff_trend_cycle_signal,-100,2.222306614068895
hot_to_cold,schaff_trend_cycle_signal,-50,2.258155617701041
hot_to_cold,schaff_trend_cycle_signal,0,1.7927004978128689
hot_to_cold,schaff_trend_cycle_signal,50,1.243518252346939
hot_to_cold,schaff_trend_cycle_signal,100,0.8043576685077645
hot_to_cold,schaff_trend_cycle_signal,150,0.5051455358398099
hot_to_cold,schaff_trend_cycle_signal,200,0.32117860975391554
hot_to_cold,schaff_trend_cycle_signal,250,0.2504662976323977
hot_to_cold,supertrend_direction,-250,-1.0020908879064712
hot_to_cold,supertrend_direction,-200,-1.423847630132657
hot_to_cold,supertrend_direction,-150,-1.847094678868489
hot_to_cold,supertrend_direction,-100,-1.6116262503464425
hot_to_cold,supertrend_direction,-50,-1.3552935306895273
hot_to_cold,supertrend_direction,0,-2.0587182032364097
hot_to_cold,supertrend_direction,50,-2.2912060187391945
hot_to_cold,supertrend_direction,100,-2.294186631758461
hot_to_cold,supertrend_direction,150,-2.285244792700661
hot_to_cold,supertrend_direction,200,-2.2524580494887303
hot_to_cold,supertrend_direction,250,-1.9424742954850236
hot_to_cold,supertrend,-250,0.30808679386112364
hot_to_cold,supertrend,-200,0.41561755103385745
hot_to_cold,supertrend,-150,0.4214557084147784
hot_to_cold,supertrend,-100,0.4063385355976193
hot_to_cold,supertrend,-50,0.275275862603106
hot_to_cold,supertrend,0,0.3229627768144735
hot_to_cold,supertrend,50,0.32131163500307364
hot_to_cold,supertrend,100,0.2892921003736715
hot_to_cold,supertrend,150,0.288930491479302
hot_to_cold,supertrend,200,0.27012876365699756
hot_to_cold,supertrend,250,0.23480148315632432
hot_to_cold,system_quality_number,-250,2.404451391525073
hot_to_cold,system_quality_number,-200,1.7013707971557073
hot_to_cold,system_quality_number,-150,1.703456269706757
hot_to_cold,system_quality_number,-100,2.913444819618358
hot_to_cold,system_quality_number,-50,2.0876658482440673
hot_to_cold,system_quality_number,0,0.019715839280409715
hot_to_cold,system_quality_number,50,-0.12218549592748126
hot_to_cold,system_quality_number,100,0.14857171552096912
hot_to_cold,system_quality_number,150,0.2147676819479092
hot_to_cold,system_quality_number,200,0.28971259140089817
hot_to_cold,system_quality_number,250,0.8328816689042313
hot_to_cold,triple_exp_rate_of_change,-250,-0.028685614089795232
hot_to_cold,triple_exp_rate_of_change,-200,-0.02841315631273191
hot_to_cold,triple_exp_rate_of_change,-150,-0.028797357396305415
hot_to_cold,triple_exp_rate_of_change,-100,-0.028895150678013345
hot_to_cold,triple_exp_rate_of_change,-50,-0.02894711430475005
hot_to_cold,triple_exp_rate_of_change,0,-0.029004421410772318
hot_to_cold,triple_exp_rate_of_change,50,-0.029053362756095942
hot_to_cold,triple_exp_rate_of_change,100,-0.029089488624315877
hot_to_cold,triple_exp_rate_of_change,150,-0.029118669670957685
hot_to_cold,triple_exp_rate_of_change,200,-0.029142985106733518
hot_to_cold,triple_exp_rate_of_change,250,-0.029160839778465314
hot_to_cold,vertical_horizontal_filter,-250,1.7162017961272582
hot_to_cold,vertical_horizontal_filter,-200,1.5510497980288995
hot_to_cold,vertical_horizontal_filter,-150,1.2432376654202528
hot_to_cold,vertical_horizontal_filter,-100,1.0841258474612683
hot_to_cold,vertical_horizontal_filter,-50,0.9462791635790698
hot_to_cold,vertical_horizontal_filter,0,0.8199555246219149
hot_to_cold,vertical_horizontal_filter,50,0.8114368598228058
hot_to_cold,vertical_horizontal_filter,100,0.7836509872817439
hot_to_cold,vertical_horizontal_filter,150,0.777121877887392
hot_to_cold,vertical_horizontal_filter,200,0.7673347729712469
hot_to_cold,vertical_horizontal_filter,250,0.7263814237851738
hot_to_cold,inter_access_interval_ms,-250,-0.046070509851090326
hot_to_cold,inter_access_interval_ms,-200,-0.04627392939623864
hot_to_cold,inter_access_interval_ms,-150,-0.04628361594223838
hot_to_cold,inter_access_interval_ms,-100,-0.04632577462430174
hot_to_cold,inter_access_interval_ms,-50,-0.04636031326022371
hot_to_cold,inter_access_interval_ms,0,-0.046356145798005004
hot_to_cold,inter_access_interval_ms,50,-0.04635078891402513
hot_to_cold,inter_access_interval_ms,100,-0.04635671593168738
hot_to_cold,inter_access_interval_ms,150,-0.04635997136946634
hot_to_cold,inter_access_interval_ms,200,-0.046362573212868144
hot_to_cold,inter_access_interval_ms,250,-0.04637210432314952
hot_to_cold,inter_access_variance_ms2,-250,1.4818924628928551
hot_to_cold,inter_access_variance_ms2,-200,1.381196948949553
hot_to_cold,inter_access_variance_ms2,-150,1.2912658634258314
hot_to_cold,inter_access_variance_ms2,-100,1.1821040722527842
hot_to_cold,inter_access_variance_ms2,-50,1.0898896018050444
hot_to_cold,inter_access_variance_ms2,0,1.086488725878315
hot_to_cold,inter_access_variance_ms2,50,1.1820870191631938
hot_to_cold,inter_access_variance_ms2,100,1.327211061035243
hot_to_cold,inter_access_variance_ms2,150,1.2798037106315652
hot_to_cold,inter_access_variance_ms2,200,1.2349733334233568
hot_to_cold,inter_access_variance_ms2,250,1.1900101898480384
hot_to_cold,recency_weighted_frequency,-250,0.28482381140668084
hot_to_cold,recency_weighted_frequency,-200,0.3931100226288457
hot_to_cold,recency_weighted_frequency,-150,0.34206698766467925
hot_to_cold,recency_weighted_frequency,-100,0.35794845140695025
hot_to_cold,recency_weighted_frequency,-50,0.381693939002176
hot_to_cold,recency_weighted_frequency,0,0.334556793844691
hot_to_cold,recency_weighted_frequency,50,0.2941454724667673
hot_to_cold,recency_weighted_frequency,100,0.2838614865988181
hot_to_cold,recency_weighted_frequency,150,0.2917910638671415
hot_to_cold,recency_weighted_frequency,200,0.27571495958467024
hot_to_cold,recency_weighted_frequency,250,0.27340120645856786
migration,heat_score,-250,-0.7856555988221899
migration,heat_score,-200,-0.8065800111988047
migration,heat_score,-150,-0.8265482675769786
migration,heat_score,-100,-0.8455044245583214
migration,heat_score,-50,-0.8598637856114665
migration,heat_score,0,-0.5886162160797667
migration,heat_score,50,-0.6019587846120819
migration,heat_score,100,-0.6183775598929505
migration,heat_score,150,-0.6309304933084158
migration,heat_score,200,-0.6441047385274591
migration,heat_score,250,-0.6597455094770395
migration,access_rate,-250,-0.025457950862344772
migration,access_rate,-200,-0.02545800567906258
migration,access_rate,-150,-0.02545802877044632
migration,access_rate,-100,-0.025458039901783917
migration,access_rate,-50,-0.025458028471516934
migration,access_rate,0,-0.024416088580253424
migration,access_rate,50,-0.021113683461182677
migration,access_rate,100,-0.020227550646235333
migration,access_rate,150,-0.019538733441969436
migration,access_rate,200,-0.017372135961535303
migration,access_rate,250,-0.016598075658511676
migration,interval_access_rate,-250,-0.018054845130993303
migration,interval_access_rate,-200,-0.018054845130993303
migration,interval_access_rate,-150,-0.018054845130993303
migration,interval_access_rate,-100,-0.018054797255226872
migration,interval_access_rate,-50,-0.0180546478411933
migration,interval_access_rate,0,-0.004738540330632686
migration,interval_access_rate,50,0.021593655021464403
migration,interval_access_rate,100,-0.006995808508609917
migration,interval_access_rate,150,0.0007030859304771186
migration,interval_access_rate,200,0.02195853171781872
migration,interval_access_rate,250,-0.0017968190585704123
migration,swing_index,-250,-0.04259642033861286
migration,swing_index,-200,-0.04259642033861286
migration,swing_index,-150,-0.04259642033861286
migration,swing_index,-100,-0.007936927033759937
migration,swing_index,-50,0.06920014371490019
migration,swing_index,0,1.4072609029952485
migration,swing_index,50,0.9060434601056144
migration,swing_index,100,-0.7686020564410041
migration,swing_index,150,0.18337384066988968
migration,swing_index,200,0.28547847240866775
migration,swing_index,250,-0.42293740094486687
migration,accum_swing_index,-250,-0.378398009437107
migration,accum_swing_index,-200,-0.378398009437107
migration,accum_swing_index,-150,-0.378398009437107
migration,accum_swing_index,-100,-0.3722547464629026
migration,accum_swing_index,-50,-0.3524392217111981
migration,accum_swing_index,0,-0.09545755209751325
migration,accum_swing_index,50,0.07268532681395473
migration,accum_swing_index,100,-0.05599647644182825
migration,accum_swing_index,150,-0.015943917188215168
migration,accum_swing_index,200,0.04220595759584727
migration,accum_swing_index,250,-0.025207988469630543
migration,aroon_up,-250,-0.3138127999467551
migration,aroon_up,-200,-0.3138127999467551
migration,aroon_up,-150,-0.3138127999467551
migration,aroon_up,-100,-0.2625544525203783
migration,aroon_up,-50,-0.08485884810894131
migration,aroon_up,0,0.2842012533609586
migration,aroon_up,50,0.27687863962266873
migration,aroon_up,100,0.2285314587800266
migration,aroon_up,150,0.2008754445790215
migration,aroon_up,200,0.2142336432961876
migration,aroon_up,250,0.18292719753874992
migration,aroon_down,-250,-0.21084149050820858
migration,aroon_down,-200,-0.21084149050820858
migration,aroon_down,-150,-0.21084149050820858
migration,aroon_down,-100,-0.21084149050820858
migration,aroon_down,-50,-0.21084149050820858
migration,aroon_down,0,-0.21084149050820858
migration,aroon_down,50,-0.21084149050820858
migration,aroon_down,100,-0.21084149050820858
migration,aroon_down,150,-0.21084149050820858
migration,aroon_down,200,-0.21084149050820858
migration,aroon_down,250,-0.21084149050820858
migration,aroon_oscillator,-250,-0.2061271446631688
migration,aroon_oscillator,-200,-0.2061271446631688
migration,aroon_oscillator,-150,-0.2061271446631688
migration,aroon_oscillator,-100,-0.15674602042635613
migration,aroon_oscillator,-50,0.014441876927923989
migration,aroon_oscillator,0,0.36998597143297424
migration,aroon_oscillator,50,0.3629315321678755
migration,aroon_oscillator,100,0.31635495950096637
migration,aroon_oscillator,150,0.2897117854283611
migration,aroon_oscillator,200,0.3025807697704712
migration,aroon_oscillator,250,0.2724208530938426
migration,avg_directional_index,-250,-0.3207804763388782
migration,avg_directional_index,-200,-0.3207804763388782
migration,avg_directional_index,-150,-0.3207804763388782
migration,avg_directional_index,-100,-0.3207804763388782
migration,avg_directional_index,-50,-0.3207804763388782
migration,avg_directional_index,0,-0.16760982811750616
migration,avg_directional_index,50,-0.05104594651883774
migration,avg_directional_index,100,-0.0744290264745452
migration,avg_directional_index,150,-0.0736185278351425
migration,avg_directional_index,200,-0.06038626360666692
migration,avg_directional_index,250,-0.078102866187136
migration,plus_directional_indicator,-250,-0.2758063424068963
migration,plus_directional_indicator,-200,-0.2758063424068963
migration,plus_directional_indicator,-150,-0.2758063424068963
migration,plus_directional_indicator,-100,-0.2758063424068963
migration,plus_directional_indicator,-50,-0.2758063424068963
migration,plus_directional_indicator,0,0.2580999849655791
migration,plus_directional_indicator,50,0.2580999849655791
migration,plus_directional_indicator,100,0.003043881396292433
migration,plus_directional_indicator,150,0.05128946224953829
migration,plus_directional_indicator,200,0.0850257572947749
migration,plus_directional_indicator,250,0.0008341193796302091
migration,minus_directional_indicator,-250,-0.28286276473525196
migration,minus_directional_indicator,-200,-0.28286276473525196
migration,minus_directional_indicator,-150,-0.28286276473525196
migration,minus_directional_indicator,-100,-0.28286276473525196
migration,minus_directional_indicator,-50,-0.28286276473525196
migration,minus_directional_indicator,0,-0.28286276473525196
migration,minus_directional_indicator,50,-0.28286276473525196
migration,minus_directional_indicator,100,-0.06375442713543743
migration,minus_directional_indicator,150,-0.10520024579792078
migration,minus_directional_indicator,200,-0.13418172642392964
migration,minus_directional_indicator,250,-0.06185611035263378
migration,gopalakrishnan_range_index,-250,-0.3228971236973128
migration,gopalakrishnan_range_index,-200,-0.3228971236973128
migration,gopalakrishnan_range_index,-150,-0.3228971236973128
migration,gopalakrishnan_range_index,-100,-0.3124181374547232
migration,gopalakrishnan_range_index,-50,-0.27506364236576486
migration,gopalakrishnan_range_index,0,0.09859687272844314
migration,gopalakrishnan_range_index,50,0.1436025488100354
migration,gopalakrishnan_range_index,100,0.12998265367116751
migration,gopalakrishnan_range_index,150,0.119510657565072
migration,gopalakrishnan_range_index,200,0.11220380888049966
migration,gopalakrishnan_range_index,250,0.10512899641512273
migration,ichimoku_tenkan,-250,-0.026832625560084554
migration,ichimoku_tenkan,-200,-0.026832625560084554
migration,ichimoku_tenkan,-150,-0.026832625560084554
migration,ichimoku_tenkan,-100,-0.026832598491938524
migration,ichimoku_tenkan,-50,-0.026832499255397196
migration,ichimoku_tenkan,0,-0.019303819528823825
migration,ichimoku_tenkan,50,-0.004012632148421969
migration,ichimoku_tenkan,100,-0.004012632148421969
migration,ichimoku_tenkan,150,-0.003874532362882513
migration,ichimoku_tenkan,200,-0.002896769754945139
migration,ichimoku_tenkan,250,-0.0027748751002483127
migration,ichimoku_kijun,-250,-0.03631911677186872
migration,ichimoku_kijun,-200,-0.03631911677186872
migration,ichimoku_kijun,-150,-0.03631911677186872
migration,ichimoku_kijun,-100,-0.03631909373030565
migration,ichimoku_kijun,-50,-0.036319009255919306
migration,ichimoku_kijun,0,-0.02991027522090332
migration,ichimoku_kijun,50,-0.016893762823026667
migration,ichimoku_kijun,100,-0.016893762823026667
migration,ichimoku_kijun,150,-0.01677620638179685
migration,ichimoku_kijun,200,-0.0159438930504784
migration,ichimoku_kijun,250,-0.015840131109392665
migration,ichimoku_senkou_a,-250,-0.032977764091741676
migration,ichimoku_senkou_a,-200,-0.032977764091741676
migration,ichimoku_senkou_a,-150,-0.032977764091741676
migration,ichimoku_senkou_a,-100,-0.032977738403554446
migration,ichimoku_senkou_a,-50,-0.0329776442261826
migration,ichimoku_senkou_a,0,-0.025832783465975444
migration,ichimoku_senkou_a,50,-0.011321154779529444
migration,ichimoku_senkou_a,100,-0.011321154779529444
migration,ichimoku_senkou_a,150,-0.011190095447145944
migration,ichimoku_senkou_a,200,-0.010262180069687208
migration,ichimoku_senkou_a,250,-0.010146499715780223
migration,ichimoku_senkou_b,-250,-0.041652230162211985
migration,ichimoku_senkou_b,-200,-0.041652230162211985
migration,ichimoku_senkou_b,-150,-0.041652230162211985
migration,ichimoku_senkou_b,-100,-0.04165220827309408
migration,ichimoku_senkou_b,-50,-0.04165212802377257
migration,ichimoku_senkou_b,0,-0.03556393276984163
migration,ichimoku_senkou_b,50,-0.023198453320936688
migration,ichimoku_senkou_b,100,-0.023198453320936688
migration,ichimoku_senkou_b,150,-0.02308677657422603
migration,ichimoku_senkou_b,200,-0.022296092166692514
migration,ichimoku_senkou_b,250,-0.022197519975397755
migration,ichimoku_chikou,-250,-0.018054845130993303
migration,ichimoku_chikou,-200,-0.018054845130993303
migration,ichimoku_chikou,-150,-0.018054845130993303
migration,ichimoku_chikou,-100,-0.018054797255226872
migration,ichimoku_chikou,-50,-0.0180546478411933
migration,ichimoku_chikou,0,-0.004738540330632686
migration,ichimoku_chikou,50,0.021593655021464403
migration,ichimoku_chikou,100,-0.006995808508609917
migration,ichimoku_chikou,150,0.0007030859304771186
migration,ichimoku_chikou,200,0.02195853171781872
migration,ichimoku_chikou,250,-0.0017968190585704123
migration,linear_reg_slope,-250,0.0024707989878892684
migration,linear_reg_slope,-200,0.0024707989878892684
migration,linear_reg_slope,-150,0.0024707989878892684
migration,linear_reg_slope,-100,0.0024708433473589553
migration,linear_reg_slope,-50,0.002470995035778059
migration,linear_reg_slope,0,0.004873159353135635
migration,linear_reg_slope,50,0.012376417542589876
migration,linear_reg_slope,100,0.012029643655476877
migration,linear_reg_slope,150,0.010565609709681277
migration,linear_reg_slope,200,0.012635243470162143
migration,linear_reg_slope,250,0.012429743440660793
migration,linear_reg_intercept,-250,-0.022301289684002704
migration,linear_reg_intercept,-200,-0.022301289684002704
migration,linear_reg_intercept,-150,-0.022301289684002704
migration,linear_reg_intercept,-100,-0.022301297854374392
migration,linear_reg_intercept,-50,-0.02230132512147004
migration,linear_reg_intercept,0,-0.02352034355828198
migration,linear_reg_intercept,50,-0.02698813520430316
migration,linear_reg_intercept,100,-0.02664297427705418
migration,linear_reg_intercept,150,-0.026346708650727007
migration,linear_reg_intercept,200,-0.02803610778156993
migration,linear_reg_intercept,250,-0.02757641093232744
migration,parabolic_sar,-250,-0.03825817058331118
migration,parabolic_sar,-200,-0.03825817058331118
migration,parabolic_sar,-150,-0.03825817058331118
migration,parabolic_sar,-100,-0.03825817058331118
migration,parabolic_sar,-50,-0.0382581690572565
migration,parabolic_sar,0,-0.038258161997467656
migration,parabolic_sar,50,-0.03777725594176886
migration,parabolic_sar,100,-0.025723929200615375
migration,parabolic_sar,150,-0.020516910578811845
migration,parabolic_sar,200,-0.025164394582343454
migration,parabolic_sar,250,-0.016621297386423834
migration,parabolic_sar_direction,-250,0.41590445127696196
migration,parabolic_sar_direction,-200,0.41590445127696196
migration,parabolic_sar_direction,-150,0.41590445127696196
migration,parabolic_sar_direction,-100,0.41590445127696196
migration,parabolic_sar_direction,-50,0.41590445127696196
migration,parabolic_sar_direction,0,0.41590445127696196
migration,parabolic_sar_direction,50,0.41590445127696196
migration,parabolic_sar_direction,100,0.29379210230290564
migration,parabolic_sar_direction,150,0.24291195689704906
migration,parabolic_sar_direction,200,0.3141441604652483
migration,parabolic_sar_direction,250,0.2123838696535349
migration,random_walk_index_high,-250,-0.17459937547813315
migration,random_walk_index_high,-200,-0.17459937547813315
migration,random_walk_index_high,-150,-0.17459937547813315
migration,random_walk_index_high,-100,-0.110567066537874
migration,random_walk_index_high,-50,0.08125069008798039
migration,random_walk_index_high,0,1.004875435039924
migration,random_walk_index_high,50,1.005116730124114
migration,random_walk_index_high,100,0.033384495661111346
migration,random_walk_index_high,150,0.08829967614561761
migration,random_walk_index_high,200,0.29292189888588865
migration,random_walk_index_high,250,0.0004066013197853708
migration,random_walk_index_low,-250,-0.24901796626850298
migration,random_walk_index_low,-200,-0.24901796626850298
migration,random_walk_index_low,-150,-0.24901796626850298
migration,random_walk_index_low,-100,-0.24901796626850298
migration,random_walk_index_low,-50,-0.2373730830125061
migration,random_walk_index_low,0,-0.24901796626850298
migration,random_walk_index_low,50,-0.242960653204397
migration,random_walk_index_low,100,-0.055009010940618934
migration,random_walk_index_low,150,-0.10482624008051859
migration,random_walk_index_low,200,-0.23631974686581958
migration,random_walk_index_low,250,-0.0606292592695298
migration,range_action_verification_index,-250,-0.3736161078726068
migration,range_action_verification_index,-200,-0.3736161078726068
migration,range_action_verification_index,-150,-0.3736161078726068
migration,range_action_verification_index,-100,-0.3736161078726068
migration,range_action_verification_index,-50,-0.3736161078726068
migration,range_action_verification_index,0,-0.036121849469228834
migration,range_action_verification_index,50,-0.009389884110647125
migration,range_action_verification_index,100,0.029594094617055425
migration,range_action_verification_index,150,0.06857900897184913
migration,range_action_verification_index,200,0.1075639467173203
migration,range_action_verification_index,250,0.14654808917976397
migration,schaff_trend_cycle,-250,-0.2855092852050081
migration,schaff_trend_cycle,-200,-0.2855092852050081
migration,schaff_trend_cycle,-150,-0.2855092852050081
migration,schaff_trend_cycle,-100,-0.26288598652492523
migration,schaff_trend_cycle,-50,-0.16862224202457957
migration,schaff_trend_cycle,0,0.036872720986171115
migration,schaff_trend_cycle,50,0.13962020249154608
migration,schaff_trend_cycle,100,0.19099394324423433
migration,schaff_trend_cycle,150,0.21666327302300223
migration,schaff_trend_cycle,200,0.22951550867436132
migration,schaff_trend_cycle,250,0.2325288717297519
migration,schaff_trend_cycle_signal,-250,-0.28906412436779216
migration,schaff_trend_cycle_signal,-200,-0.28906412436779216
migration,schaff_trend_cycle_signal,-150,-0.28906412436779216
migration,schaff_trend_cycle_signal,-100,-0.2772645314898855
migration,schaff_trend_cycle_signal,-50,-0.22219976472632116
migration,schaff_trend_cycle_signal,0,-0.08748774603689011
migration,schaff_trend_cycle_signal,50,0.03345808096164903
migration,schaff_trend_cycle_signal,100,0.12072590328782964
migration,schaff_trend_cycle_signal,150,0.17774812811309293
migration,schaff_trend_cycle_signal,200,0.21296254990768695
migration,schaff_trend_cycle_signal,250,0.23214141937794924
migration,supertrend_direction,-250,0.37346202048494637
migration,supertrend_direction,-200,0.37346202048494637
migration,supertrend_direction,-150,0.37346202048494637
migration,supertrend_direction,-100,0.37346202048494637
migration,supertrend_direction,-50,0.37346202048494637
migration,supertrend_direction,0,0.37346202048494637
migration,supertrend_direction,50,0.37346202048494637
migration,supertrend_direction,100,0.10765408891416044
migration,supertrend_direction,150,0.041202106021465776
migration,supertrend_direction,200,0.36238669000283014
migration,supertrend_direction,250,0.21840739373532
migration,supertrend,-250,-0.019083669598561365
migration,supertrend,-200,-0.019083669598561365
migration,supertrend,-150,-0.019083669598561365
migration,supertrend,-100,-0.01908366168732016
migration,supertrend,-50,-0.019083632683372334
migration,supertrend,0,-0.013421817547789448
migration,supertrend,50,-0.0024687190919113877
migration,supertrend,100,-0.002432625488620623
migration,supertrend,150,-0.0016854014317810011
migration,supertrend,200,-0.014762010495942038
migration,supertrend,250,-0.003944698177890865
migration,system_quality_number,-250,-0.1742614799477097
migration,system_quality_number,-200,-0.1742614799477097
migration,system_quality_number,-150,-0.1742614799477097
migration,system_quality_number,-100,-0.08298483024522339
migration,system_quality_number,-50,0.1924907124085688
migration,system_quality_number,0,0.8039553891878051
migration,system_quality_number,50,1.0119784073024496
migration,system_quality_number,100,0.07944109197809639
migration,system_quality_number,150,0.16951566218670427
migration,system_quality_number,200,0.5100932179746772
migration,system_quality_number,250,0.09522421866137294
migration,triple_exp_rate_of_change,-250,-0.029236932067695755
migration,triple_exp_rate_of_change,-200,-0.029236932067695755
migration,triple_exp_rate_of_change,-150,-0.029236932067695755
migration,triple_exp_rate_of_change,-100,-0.029236932067695755
migration,triple_exp_rate_of_change,-50,-0.029199685866745564
migration,triple_exp_rate_of_change,0,0.5203284171143434
migration,triple_exp_rate_of_change,50,-0.026664244234780893
migration,triple_exp_rate_of_change,100,-0.028923741281469312
migration,triple_exp_rate_of_change,150,-0.029064522994996553
migration,triple_exp_rate_of_change,200,-0.029102454614063154
migration,triple_exp_rate_of_change,250,-0.02913568575157344
migration,vertical_horizontal_filter,-250,-0.31086870858887033
migration,vertical_horizontal_filter,-200,-0.31086870858887033
migration,vertical_horizontal_filter,-150,-0.31086870858887033
migration,vertical_horizontal_filter,-100,-0.24340153946661283
migration,vertical_horizontal_filter,-50,-0.01982964403530541
migration,vertical_horizontal_filter,0,0.4762471175622716
migration,vertical_horizontal_filter,50,0.4638635186698812
migration,vertical_horizontal_filter,100,0.16096383822989244
migration,vertical_horizontal_filter,150,0.05320264448822707
migration,vertical_horizontal_filter,200,-0.008815673654209669
migration,vertical_horizontal_filter,250,-0.05738373696043301
migration,inter_access_interval_ms,-250,-0.04546229549429652
migration,inter_access_interval_ms,-200,-0.04546229549429652
migration,inter_access_interval_ms,-150,-0.04546229549429652
migration,inter_access_interval_ms,-100,0.25228072668394974
migration,inter_access_interval_ms,-50,1.31478575547537
migration,inter_access_interval_ms,0,-0.04463572017071691
migration,inter_access_interval_ms,50,-0.04537996088019965
migration,inter_access_interval_ms,100,-0.04538770010704263
migration,inter_access_interval_ms,150,-0.045413652239689434
migration,inter_access_interval_ms,200,-0.04544285016876727
migration,inter_access_interval_ms,250,-0.0454448998521547
migration,inter_access_variance_ms2,-250,-0.2634578058932334
migration,inter_access_variance_ms2,-200,-0.2634578058932334
migration,inter_access_variance_ms2,-150,-0.2634578058932334
migration,inter_access_variance_ms2,-100,-0.2634578058932334
migration,inter_access_variance_ms2,-50,-0.22384182119039256
migration,inter_access_variance_ms2,0,-0.07345582751089826
migration,inter_access_variance_ms2,50,-0.08340872253831971
migration,inter_access_variance_ms2,100,0.04772845120892115
migration,inter_access_variance_ms2,150,0.005228612242286882
migration,inter_access_variance_ms2,200,-0.02909928916102609
migration,inter_access_variance_ms2,250,-0.05626541648715584
migration,recency_weighted_frequency,-250,-0.023411260142190485
migration,recency_weighted_frequency,-200,-0.023411260142190485
migration,recency_weighted_frequency,-150,-0.023411260142190485
migration,recency_weighted_frequency,-100,-0.023411247333186544
migration,recency_weighted_frequency,-50,-0.023411198016707734
migration,recency_weighted_frequency,0,-0.02145991470644733
migration,recency_weighted_frequency,50,-0.015647674436216404
migration,recency_weighted_frequency,100,-0.01476130672440737
migration,recency_weighted_frequency,150,-0.013421524973863506
migration,recency_weighted_frequency,200,-0.00924744443462376
migration,recency_weighted_frequency,250,-0.008562265594689701
